,Random Forest HOO Accuracy,Decision Tree HOO Accuracy,Feature  1,Feature  2,Feature  3,Feature  4,Feature  5
36,0.8523809523809524,0.6761904761904761,molWeight,molVolume,molLogP,molPSA,Complexity
65,0.8523809523809524,0.7047619047619047,molWeight,molVolume,molLogP,molArea,a_heavy
134,0.8571428571428571,0.7333333333333333,molWeight,molVolume,molLogP,nof_Chirals,Complexity
236,0.8571428571428571,0.7904761904761904,molWeight,molVolume,molLogP,Complexity,nof_negCharge
253,0.8571428571428571,0.6047619047619047,molWeight,molVolume,molLogP,nof_posCharge,nof_negCharge
440,0.8571428571428571,0.7047619047619047,molWeight,molVolume,molLogS,molArea,Complexity
453,0.8571428571428571,0.4809523809523809,molWeight,molVolume,molLogS,molArea,nof_SO3H
454,0.8571428571428571,0.5619047619047619,molWeight,molVolume,molLogS,molArea,nof_SH
594,0.880952380952381,0.5857142857142856,molWeight,molVolume,molLogS,nof_Rings,Complexity
603,0.8761904761904763,0.6523809523809524,molWeight,molVolume,molLogS,nof_Rings,negCharge/Volume
664,0.8523809523809524,0.6190476190476191,molWeight,molVolume,molLogS,a_heavy,C_R2
669,0.8571428571428571,0.5571428571428572,molWeight,molVolume,molLogS,a_heavy,negCharge/Volume
681,0.8571428571428571,0.6761904761904762,molWeight,molVolume,molLogS,C_R2,C_sp3
709,0.8571428571428571,0.5380952380952381,molWeight,molVolume,molLogS,C_R0,nof_RotB
914,0.8523809523809524,0.6761904761904761,molWeight,molVolume,molPSA,nof_HBD,posCharge/Volume
939,0.8571428571428571,0.7380952380952381,molWeight,molVolume,molPSA,molCharge_total,nof_SO3H
1009,0.8523809523809524,0.6523809523809524,molWeight,molVolume,molPSA,nof_negCharge,nof_SO3H
1086,0.8523809523809524,0.6952380952380952,molWeight,molVolume,molPSA,posCharge/Volume,nof_NH2
1126,0.8571428571428571,0.7,molWeight,molVolume,molPSA,nof_SH,nof_COOH
1187,0.880952380952381,0.7333333333333333,molWeight,molVolume,molArea,nof_Chirals,nof_Rings
1201,0.8523809523809524,0.7095238095238096,molWeight,molVolume,molArea,nof_Chirals,nof_SO3H
1204,0.8571428571428573,0.6809523809523811,molWeight,molVolume,molArea,nof_Chirals,nof_COOH
1209,0.8523809523809524,0.6809523809523811,molWeight,molVolume,molArea,nof_HBA,nof_Rings
1210,0.8523809523809524,0.6428571428571429,molWeight,molVolume,molArea,nof_HBA,Complexity
1213,0.8571428571428571,0.7380952380952381,molWeight,molVolume,molArea,nof_HBA,a_heavy
1245,0.8571428571428571,0.7095238095238096,molWeight,molVolume,molArea,nof_HBD,nof_SH
1251,0.8857142857142858,0.6142857142857142,molWeight,molVolume,molArea,molCharge_total,Complexity
1313,0.8523809523809524,0.7285714285714284,molWeight,molVolume,molArea,nof_posCharge,posCharge/Volume
1322,0.8571428571428571,0.6714285714285715,molWeight,molVolume,molArea,nof_posCharge,nof_OH
1341,0.8571428571428571,0.7333333333333333,molWeight,molVolume,molArea,a_heavy,C_R1
1342,0.8571428571428571,0.5904761904761904,molWeight,molVolume,molArea,a_heavy,C_R0
1379,0.8523809523809524,0.7047619047619047,molWeight,molVolume,molArea,C_R1,nof_COOH
1425,0.8523809523809524,0.6761904761904761,molWeight,molVolume,molArea,nof_RotB,nof_PO4
1442,0.8523809523809524,0.6809523809523811,molWeight,molVolume,molArea,nof_PO4,nof_COOH
1480,0.8571428571428571,0.7047619047619047,molWeight,molVolume,PSA/Area,nof_Atoms,nof_NH2
1529,0.8523809523809524,0.7095238095238096,molWeight,molVolume,PSA/Area,nof_HBD,molCharge_total
1824,0.8571428571428571,0.6809523809523811,molWeight,molVolume,nof_Atoms,nof_HBD,nof_OH
1840,0.8523809523809524,0.6190476190476191,molWeight,molVolume,nof_Atoms,molCharge_total,nof_SO3H
1924,0.8523809523809524,0.5857142857142857,molWeight,molVolume,nof_Atoms,a_heavy,nof_PO4
1941,0.8571428571428573,0.6190476190476191,molWeight,molVolume,nof_Atoms,C_R2,nof_NH2
1983,0.8523809523809524,0.6238095238095238,molWeight,molVolume,nof_Atoms,posCharge/Volume,nof_Fragments
1991,0.8523809523809524,0.7333333333333333,molWeight,molVolume,nof_Atoms,negCharge/Volume,nof_RotB
2007,0.8571428571428573,0.7,molWeight,molVolume,nof_Atoms,nof_RotB,nof_acetyl
2031,0.8523809523809524,0.6809523809523811,molWeight,molVolume,nof_Atoms,nof_NH2,nof_OH
2042,0.8523809523809524,0.6761904761904762,molWeight,molVolume,nof_Chirals,nof_HBA,a_heavy
2048,0.8523809523809524,0.7333333333333333,molWeight,molVolume,nof_Chirals,nof_HBA,negCharge/Volume
2059,0.8571428571428571,0.6857142857142857,molWeight,molVolume,nof_Chirals,nof_HBD,nof_Rings
2100,0.8571428571428571,0.7,molWeight,molVolume,nof_Chirals,nof_Rings,nof_posCharge
2113,0.8571428571428571,0.7095238095238094,molWeight,molVolume,nof_Chirals,nof_Rings,nof_SH
2138,0.8523809523809524,0.6380952380952382,molWeight,molVolume,nof_Chirals,nof_posCharge,C_R2
2141,0.8571428571428571,0.7095238095238096,molWeight,molVolume,nof_Chirals,nof_posCharge,C_sp3
2189,0.8523809523809524,0.6476190476190475,molWeight,molVolume,nof_Chirals,C_R2,nof_RotB
2192,0.8523809523809524,0.6476190476190475,molWeight,molVolume,nof_Chirals,C_R2,nof_SO3H
2193,0.8523809523809524,0.6142857142857142,molWeight,molVolume,nof_Chirals,C_R2,nof_SH
2195,0.8523809523809524,0.6809523809523811,molWeight,molVolume,nof_Chirals,C_R2,nof_COOH
2208,0.8571428571428573,0.7095238095238094,molWeight,molVolume,nof_Chirals,C_R1,nof_COOH
2237,0.8523809523809524,0.7,molWeight,molVolume,nof_Chirals,posCharge/Volume,nof_PO4
2248,0.8523809523809524,0.7047619047619047,molWeight,molVolume,nof_Chirals,negCharge/Volume,nof_SH
2254,0.8571428571428571,0.6761904761904762,molWeight,molVolume,nof_Chirals,nof_RotB,nof_PO4
2272,0.8523809523809524,0.6238095238095238,molWeight,molVolume,nof_Chirals,nof_PO4,nof_OH
2274,0.8571428571428573,0.7619047619047619,molWeight,molVolume,nof_Chirals,nof_SO3H,nof_SH
2289,0.8523809523809524,0.5285714285714286,molWeight,molVolume,nof_HBA,nof_HBD,molCharge_total
2301,0.8523809523809524,0.6761904761904762,molWeight,molVolume,nof_HBA,nof_HBD,nof_RotB
2312,0.8523809523809524,0.6857142857142857,molWeight,molVolume,nof_HBA,molCharge_total,nof_posCharge
2326,0.8571428571428571,0.6714285714285715,molWeight,molVolume,nof_HBA,molCharge_total,nof_NH2
2356,0.8571428571428571,0.7619047619047621,molWeight,molVolume,nof_HBA,Complexity,posCharge/Volume
2421,0.8571428571428571,0.6428571428571429,molWeight,molVolume,nof_HBA,C_R2,nof_Fragments
2426,0.8523809523809524,0.7047619047619047,molWeight,molVolume,nof_HBA,C_R2,nof_COOH
2479,0.8523809523809524,0.7095238095238094,molWeight,molVolume,nof_HBA,negCharge/Volume,nof_SH
2481,0.8523809523809524,0.7,molWeight,molVolume,nof_HBA,negCharge/Volume,nof_COOH
2499,0.8571428571428571,0.7047619047619047,molWeight,molVolume,nof_HBA,nof_PO4,nof_SO3H
2511,0.8571428571428571,0.7095238095238096,molWeight,molVolume,nof_HBA,nof_SH,nof_COOH
2521,0.8523809523809524,0.7619047619047619,molWeight,molVolume,nof_HBD,molCharge_total,Complexity
2543,0.8571428571428571,0.7333333333333333,molWeight,molVolume,nof_HBD,nof_Rings,a_heavy
2574,0.8571428571428571,0.6523809523809524,molWeight,molVolume,nof_HBD,Complexity,nof_COOH
2576,0.8523809523809524,0.7380952380952379,molWeight,molVolume,nof_HBD,Complexity,nof_acetyl
2583,0.8571428571428571,0.7095238095238096,molWeight,molVolume,nof_HBD,nof_posCharge,posCharge/Volume
2594,0.8523809523809524,0.6428571428571428,molWeight,molVolume,nof_HBD,nof_negCharge,a_heavy
2629,0.8523809523809524,0.6714285714285714,molWeight,molVolume,nof_HBD,C_R2,negCharge/Volume
2675,0.8571428571428571,0.6190476190476191,molWeight,molVolume,nof_HBD,posCharge/Volume,negCharge/Volume
2686,0.8523809523809524,0.6190476190476191,molWeight,molVolume,nof_HBD,negCharge/Volume,nof_Fragments
2732,0.880952380952381,0.6809523809523811,molWeight,molVolume,molCharge_total,nof_Rings,nof_negCharge
2733,0.8523809523809524,0.6428571428571429,molWeight,molVolume,molCharge_total,nof_Rings,a_heavy
2754,0.8571428571428571,0.8,molWeight,molVolume,molCharge_total,Complexity,C_R0
2762,0.8523809523809524,0.7952380952380953,molWeight,molVolume,molCharge_total,Complexity,nof_SH
2763,0.8523809523809524,0.7285714285714285,molWeight,molVolume,molCharge_total,Complexity,nof_NH2
2820,0.8523809523809524,0.7095238095238096,molWeight,molVolume,molCharge_total,C_R2,nof_RotB
2875,0.8523809523809524,0.6428571428571429,molWeight,molVolume,molCharge_total,negCharge/Volume,nof_RotB
2944,0.8523809523809524,0.7333333333333333,molWeight,molVolume,nof_Rings,nof_posCharge,posCharge/Volume
2997,0.8523809523809524,0.6428571428571429,molWeight,molVolume,nof_Rings,C_R2,nof_COOH
3047,0.8523809523809524,0.7142857142857142,molWeight,molVolume,nof_Rings,negCharge/Volume,nof_Fragments
3060,0.880952380952381,0.6190476190476191,molWeight,molVolume,nof_Rings,nof_RotB,nof_COOH
3091,0.8523809523809524,0.6523809523809524,molWeight,molVolume,Complexity,nof_posCharge,nof_negCharge
3103,0.8523809523809524,0.7047619047619047,molWeight,molVolume,Complexity,nof_posCharge,nof_SH
3112,0.8523809523809524,0.7047619047619047,molWeight,molVolume,Complexity,nof_negCharge,C_sp3
3113,0.8761904761904763,0.7047619047619047,molWeight,molVolume,Complexity,nof_negCharge,posCharge/Volume
3117,0.8571428571428571,0.6761904761904762,molWeight,molVolume,Complexity,nof_negCharge,nof_PO4
3118,0.8523809523809524,0.6761904761904761,molWeight,molVolume,Complexity,nof_negCharge,nof_SO3H
3122,0.8523809523809524,0.7047619047619047,molWeight,molVolume,Complexity,nof_negCharge,nof_OH
3196,0.8523809523809524,0.7428571428571429,molWeight,molVolume,Complexity,posCharge/Volume,nof_COOH
3231,0.9047619047619048,0.6761904761904762,molWeight,molVolume,Complexity,nof_SO3H,nof_COOH
3269,0.8571428571428571,0.5904761904761904,molWeight,molVolume,nof_posCharge,a_heavy,nof_SO3H
3342,0.8523809523809524,0.519047619047619,molWeight,molVolume,nof_posCharge,negCharge/Volume,nof_OH
3365,0.8571428571428571,0.6761904761904761,molWeight,molVolume,nof_posCharge,nof_SO3H,nof_SH
3424,0.8523809523809524,0.6761904761904761,molWeight,molVolume,nof_negCharge,C_R0,negCharge/Volume
3513,0.8571428571428571,0.6761904761904762,molWeight,molVolume,a_heavy,C_R2,nof_acetyl
3523,0.8571428571428571,0.6476190476190475,molWeight,molVolume,a_heavy,C_R1,nof_NH2
3542,0.8571428571428571,0.6761904761904762,molWeight,molVolume,a_heavy,C_sp3,nof_Fragments
3579,0.8571428571428571,0.6476190476190475,molWeight,molVolume,a_heavy,nof_Fragments,nof_SH
3594,0.8571428571428571,0.6523809523809525,molWeight,molVolume,a_heavy,nof_SO3H,nof_acetyl
3675,0.8523809523809524,0.6428571428571429,molWeight,molVolume,C_R2,nof_PO4,nof_SO3H
3693,0.8523809523809524,0.7857142857142857,molWeight,molVolume,C_R2,nof_COOH,nof_OH
3777,0.8523809523809524,0.5952380952380952,molWeight,molVolume,C_R0,C_sp3,nof_Fragments
3919,0.8523809523809524,0.7142857142857142,molWeight,molVolume,posCharge/Volume,nof_PO4,nof_SO3H
3934,0.8523809523809524,0.7380952380952379,molWeight,molVolume,posCharge/Volume,nof_NH2,nof_COOH
3935,0.8523809523809524,0.7333333333333333,molWeight,molVolume,posCharge/Volume,nof_NH2,nof_OH
4030,0.8523809523809524,0.6761904761904762,molWeight,molVolume,nof_PO4,nof_SH,nof_NH2
4031,0.8571428571428571,0.6476190476190475,molWeight,molVolume,nof_PO4,nof_SH,nof_COOH
4663,0.8523809523809524,0.6190476190476191,molWeight,molLogP,molPSA,nof_negCharge,nof_SO3H
4945,0.8523809523809524,0.6380952380952382,molWeight,molLogP,molArea,Complexity,a_heavy
5021,0.8571428571428571,0.7,molWeight,molLogP,molArea,C_R2,nof_OH
5083,0.8523809523809524,0.6523809523809524,molWeight,molLogP,molArea,nof_RotB,nof_COOH
5240,0.8523809523809524,0.7095238095238096,molWeight,molLogP,PSA/Area,nof_Rings,nof_COOH
5408,0.8523809523809524,0.6809523809523811,molWeight,molLogP,PSA/Area,nof_NH2,nof_COOH
5526,0.8523809523809524,0.7380952380952381,molWeight,molLogP,nof_Atoms,Complexity,posCharge/Volume
5572,0.8571428571428571,0.6523809523809524,molWeight,molLogP,nof_Atoms,a_heavy,C_R0
5973,0.8523809523809524,0.7380952380952379,molWeight,molLogP,nof_HBA,molCharge_total,posCharge/Volume
6043,0.8523809523809524,0.6476190476190476,molWeight,molLogP,nof_HBA,nof_negCharge,posCharge/Volume
6172,0.8523809523809524,0.7380952380952381,molWeight,molLogP,nof_HBA,nof_COOH,nof_acetyl
6403,0.8523809523809524,0.7380952380952381,molWeight,molLogP,molCharge_total,Complexity,nof_posCharge
6410,0.8523809523809524,0.8285714285714285,molWeight,molLogP,molCharge_total,Complexity,posCharge/Volume
6441,0.8571428571428571,0.7333333333333333,molWeight,molLogP,molCharge_total,nof_negCharge,C_R0
6480,0.8571428571428571,0.7380952380952381,molWeight,molLogP,molCharge_total,C_R2,nof_COOH
6588,0.8857142857142858,0.7904761904761904,molWeight,molLogP,nof_Rings,Complexity,nof_NH2
6745,0.9142857142857144,0.6190476190476191,molWeight,molLogP,Complexity,nof_posCharge,nof_negCharge
6762,0.8857142857142858,0.7904761904761904,molWeight,molLogP,Complexity,nof_negCharge,a_heavy
6778,0.8571428571428573,0.7333333333333333,molWeight,molLogP,Complexity,a_heavy,C_R2
6780,0.8571428571428571,0.6952380952380952,molWeight,molLogP,Complexity,a_heavy,C_R0
6787,0.8523809523809524,0.6095238095238096,molWeight,molLogP,Complexity,a_heavy,nof_SO3H
6798,0.8571428571428571,0.6809523809523811,molWeight,molLogP,Complexity,C_R2,nof_RotB
6800,0.8523809523809524,0.8,molWeight,molLogP,Complexity,C_R2,nof_PO4
6851,0.8571428571428571,0.7333333333333333,molWeight,molLogP,Complexity,posCharge/Volume,nof_OH
6880,0.8523809523809524,0.6809523809523811,molWeight,molLogP,Complexity,nof_PO4,nof_COOH
7073,0.8523809523809524,0.6666666666666667,molWeight,molLogP,nof_negCharge,C_R1,nof_COOH
7136,0.880952380952381,0.6761904761904762,molWeight,molLogP,nof_negCharge,nof_PO4,nof_COOH
7137,0.8523809523809524,0.5571428571428572,molWeight,molLogP,nof_negCharge,nof_PO4,nof_OH
7141,0.8571428571428573,0.7333333333333333,molWeight,molLogP,nof_negCharge,nof_SO3H,nof_COOH
7332,0.880952380952381,0.7380952380952381,molWeight,molLogP,C_R2,nof_PO4,nof_COOH
7342,0.8523809523809524,0.6809523809523811,molWeight,molLogP,C_R2,nof_SH,nof_OH
7555,0.8523809523809524,0.7952380952380953,molWeight,molLogP,posCharge/Volume,negCharge/Volume,nof_COOH
7585,0.8857142857142858,0.6523809523809524,molWeight,molLogP,posCharge/Volume,nof_SH,nof_COOH
7878,0.8523809523809524,0.6238095238095238,molWeight,molLogS,molPSA,nof_Rings,a_heavy
7895,0.8571428571428571,0.8571428571428571,molWeight,molLogS,molPSA,Complexity,nof_negCharge
7901,0.8571428571428571,0.6190476190476191,molWeight,molLogS,molPSA,Complexity,posCharge/Volume
7927,0.8571428571428571,0.6476190476190475,molWeight,molLogS,molPSA,nof_posCharge,nof_OH
7931,0.8857142857142858,0.6714285714285715,molWeight,molLogS,molPSA,nof_negCharge,C_R1
7936,0.8523809523809524,0.7333333333333333,molWeight,molLogS,molPSA,nof_negCharge,nof_RotB
7943,0.8571428571428571,0.7428571428571428,molWeight,molLogS,molPSA,nof_negCharge,nof_OH
7963,0.8523809523809524,0.6238095238095238,molWeight,molLogS,molPSA,C_R2,posCharge/Volume
7977,0.8857142857142858,0.6809523809523811,molWeight,molLogS,molPSA,C_R1,negCharge/Volume
7991,0.8523809523809524,0.5904761904761904,molWeight,molLogS,molPSA,C_R0,nof_Fragments
8095,0.8523809523809524,0.7571428571428572,molWeight,molLogS,molArea,nof_Atoms,Complexity
8104,0.8523809523809524,0.5904761904761904,molWeight,molLogS,molArea,nof_Atoms,negCharge/Volume
8111,0.8571428571428571,0.5952380952380952,molWeight,molLogS,molArea,nof_Atoms,nof_COOH
8118,0.8523809523809524,0.7095238095238094,molWeight,molLogS,molArea,nof_Chirals,Complexity
8122,0.8857142857142858,0.5904761904761904,molWeight,molLogS,molArea,nof_Chirals,C_R2
8130,0.8523809523809524,0.580952380952381,molWeight,molLogS,molArea,nof_Chirals,nof_PO4
8135,0.8523809523809524,0.6142857142857143,molWeight,molLogS,molArea,nof_Chirals,nof_OH
8138,0.8857142857142858,0.7142857142857142,molWeight,molLogS,molArea,nof_HBA,molCharge_total
8168,0.8571428571428571,0.6761904761904762,molWeight,molLogS,molArea,nof_HBD,C_sp3
8190,0.8523809523809524,0.7047619047619047,molWeight,molLogS,molArea,molCharge_total,negCharge/Volume
8205,0.880952380952381,0.5952380952380952,molWeight,molLogS,molArea,nof_Rings,C_R1
8221,0.8857142857142858,0.7523809523809524,molWeight,molLogS,molArea,Complexity,a_heavy
8225,0.8523809523809524,0.7571428571428571,molWeight,molLogS,molArea,Complexity,C_sp3
8229,0.8523809523809524,0.8285714285714285,molWeight,molLogS,molArea,Complexity,nof_Fragments
8232,0.8857142857142858,0.7285714285714285,molWeight,molLogS,molArea,Complexity,nof_SH
8233,0.8523809523809524,0.7952380952380953,molWeight,molLogS,molArea,Complexity,nof_NH2
8246,0.880952380952381,0.6142857142857142,molWeight,molLogS,molArea,nof_posCharge,nof_Fragments
8260,0.8571428571428571,0.6761904761904761,molWeight,molLogS,molArea,nof_negCharge,negCharge/Volume
8291,0.8523809523809524,0.4714285714285714,molWeight,molLogS,molArea,C_R2,nof_Fragments
8296,0.8809523809523808,0.6380952380952379,molWeight,molLogS,molArea,C_R2,nof_COOH
8340,0.880952380952381,0.7142857142857142,molWeight,molLogS,molArea,posCharge/Volume,nof_SH
8346,0.8523809523809524,0.7666666666666667,molWeight,molLogS,molArea,negCharge/Volume,nof_Fragments
8348,0.8571428571428573,0.7142857142857143,molWeight,molLogS,molArea,negCharge/Volume,nof_SO3H
8362,0.8571428571428571,0.7619047619047618,molWeight,molLogS,molArea,nof_Fragments,nof_PO4
8374,0.8857142857142858,0.580952380952381,molWeight,molLogS,molArea,nof_PO4,nof_acetyl
8429,0.8571428571428571,0.7666666666666667,molWeight,molLogS,PSA/Area,nof_Chirals,nof_Fragments
8469,0.8571428571428573,0.7952380952380953,molWeight,molLogS,PSA/Area,nof_HBD,posCharge/Volume
8494,0.8523809523809524,0.6428571428571429,molWeight,molLogS,PSA/Area,molCharge_total,nof_SO3H
8671,0.8857142857142858,0.7333333333333333,molWeight,molLogS,PSA/Area,nof_PO4,nof_NH2
8716,0.8857142857142858,0.6761904761904761,molWeight,molLogS,nof_Atoms,nof_HBA,Complexity
8792,0.8571428571428571,0.6714285714285715,molWeight,molLogS,nof_Atoms,nof_Rings,nof_COOH
8804,0.8523809523809524,0.7666666666666667,molWeight,molLogS,nof_Atoms,Complexity,nof_RotB
8872,0.8523809523809524,0.6428571428571429,molWeight,molLogS,nof_Atoms,C_R2,nof_COOH
8924,0.8571428571428571,0.6476190476190475,molWeight,molLogS,nof_Atoms,negCharge/Volume,nof_SO3H
8929,0.8523809523809524,0.7619047619047618,molWeight,molLogS,nof_Atoms,negCharge/Volume,nof_acetyl
9037,0.8523809523809524,0.5666666666666667,molWeight,molLogS,nof_Chirals,nof_Rings,posCharge/Volume
9039,0.8571428571428571,0.6142857142857143,molWeight,molLogS,nof_Chirals,nof_Rings,nof_RotB
9042,0.8523809523809524,0.6095238095238096,molWeight,molLogS,nof_Chirals,nof_Rings,nof_SO3H
9161,0.8523809523809524,0.5,molWeight,molLogS,nof_Chirals,C_sp3,nof_COOH
9286,0.8571428571428571,0.7666666666666667,molWeight,molLogS,nof_HBA,Complexity,posCharge/Volume
9294,0.8571428571428571,0.7619047619047619,molWeight,molLogS,nof_HBA,Complexity,nof_COOH
9416,0.8523809523809524,0.7666666666666667,molWeight,molLogS,nof_HBA,nof_RotB,nof_SO3H
9751,0.8523809523809524,0.6809523809523811,molWeight,molLogS,molCharge_total,C_R2,nof_Fragments
9759,0.8523809523809524,0.5809523809523809,molWeight,molLogS,molCharge_total,C_R1,C_R0
9815,0.8523809523809524,0.5047619047619047,molWeight,molLogS,molCharge_total,nof_RotB,nof_PO4
9853,0.880952380952381,0.6476190476190475,molWeight,molLogS,nof_Rings,Complexity,C_R2
9907,0.9047619047619048,0.5476190476190477,molWeight,molLogS,nof_Rings,a_heavy,nof_RotB
9909,0.8571428571428571,0.6476190476190475,molWeight,molLogS,nof_Rings,a_heavy,nof_PO4
9914,0.8523809523809524,0.6523809523809524,molWeight,molLogS,nof_Rings,a_heavy,nof_OH
9922,0.8523809523809524,0.6428571428571429,molWeight,molLogS,nof_Rings,C_R2,nof_Fragments
9924,0.8571428571428571,0.5666666666666667,molWeight,molLogS,nof_Rings,C_R2,nof_SO3H
9941,0.9142857142857144,0.6523809523809524,molWeight,molLogS,nof_Rings,C_R1,nof_OH
10063,0.8571428571428573,0.6142857142857142,molWeight,molLogS,Complexity,a_heavy,nof_SO3H
10072,0.8571428571428571,0.7285714285714285,molWeight,molLogS,Complexity,C_R2,posCharge/Volume
10074,0.8571428571428571,0.7095238095238096,molWeight,molLogS,Complexity,C_R2,nof_RotB
10083,0.8571428571428571,0.5857142857142856,molWeight,molLogS,Complexity,C_R1,C_R0
10116,0.8523809523809524,0.8238095238095238,molWeight,molLogS,Complexity,C_sp3,nof_COOH
10129,0.8857142857142858,0.7714285714285714,molWeight,molLogS,Complexity,negCharge/Volume,nof_RotB
10133,0.8571428571428573,0.7666666666666667,molWeight,molLogS,Complexity,negCharge/Volume,nof_SH
10181,0.8571428571428573,0.4666666666666666,molWeight,molLogS,nof_posCharge,nof_negCharge,nof_RotB
10246,0.8571428571428571,0.6095238095238096,molWeight,molLogS,nof_posCharge,C_sp3,nof_RotB
10276,0.8809523809523808,0.5619047619047619,molWeight,molLogS,nof_posCharge,nof_RotB,nof_SO3H
10353,0.8523809523809524,0.5857142857142856,molWeight,molLogS,nof_negCharge,C_R0,posCharge/Volume
10396,0.8523809523809524,0.6238095238095238,molWeight,molLogS,nof_negCharge,nof_RotB,nof_SO3H
10398,0.8523809523809524,0.4952380952380953,molWeight,molLogS,nof_negCharge,nof_RotB,nof_NH2
10432,0.8571428571428571,0.6523809523809524,molWeight,molLogS,a_heavy,C_R2,C_sp3
10572,0.880952380952381,0.6190476190476191,molWeight,molLogS,C_R2,posCharge/Volume,nof_RotB
10577,0.8523809523809524,0.6476190476190475,molWeight,molLogS,C_R2,posCharge/Volume,nof_NH2
10628,0.8761904761904763,0.6428571428571429,molWeight,molLogS,C_R1,C_R0,negCharge/Volume
10652,0.8523809523809524,0.6142857142857143,molWeight,molLogS,C_R1,posCharge/Volume,nof_PO4
10777,0.880952380952381,0.7142857142857142,molWeight,molLogS,C_sp3,posCharge/Volume,nof_COOH
10922,0.8571428571428571,0.6761904761904761,molWeight,molLogS,nof_RotB,nof_SO3H,nof_OH
11043,0.8523809523809524,0.8238095238095238,molWeight,molPSA,molArea,nof_Chirals,Complexity
11075,0.8523809523809524,0.7333333333333333,molWeight,molPSA,molArea,nof_HBA,nof_RotB
11145,0.8571428571428571,0.7333333333333333,molWeight,molPSA,molArea,Complexity,nof_negCharge
11146,0.8523809523809524,0.7666666666666667,molWeight,molPSA,molArea,Complexity,a_heavy
11154,0.8523809523809524,0.7952380952380952,molWeight,molPSA,molArea,Complexity,nof_Fragments
11284,0.8523809523809524,0.7047619047619047,molWeight,molPSA,molArea,nof_RotB,nof_COOH
11422,0.8571428571428571,0.6714285714285714,molWeight,molPSA,PSA/Area,molCharge_total,nof_COOH
11430,0.8523809523809524,0.6761904761904761,molWeight,molPSA,PSA/Area,nof_Rings,C_R1
11453,0.8571428571428571,0.6476190476190475,molWeight,molPSA,PSA/Area,Complexity,nof_RotB
11485,0.8523809523809524,0.7095238095238096,molWeight,molPSA,PSA/Area,nof_negCharge,negCharge/Volume
11489,0.8857142857142858,0.6761904761904761,molWeight,molPSA,PSA/Area,nof_negCharge,nof_SO3H
11493,0.8523809523809524,0.7380952380952379,molWeight,molPSA,PSA/Area,nof_negCharge,nof_OH
11507,0.8571428571428571,0.7047619047619047,molWeight,molPSA,PSA/Area,a_heavy,nof_COOH
11513,0.8571428571428573,0.7333333333333333,molWeight,molPSA,PSA/Area,C_R2,posCharge/Volume
11606,0.8571428571428571,0.6428571428571429,molWeight,molPSA,PSA/Area,nof_SH,nof_COOH
11613,0.8571428571428571,0.5904761904761904,molWeight,molPSA,PSA/Area,nof_COOH,nof_acetyl
11694,0.8523809523809524,0.6190476190476191,molWeight,molPSA,nof_Atoms,molCharge_total,nof_PO4
11738,0.8523809523809524,0.5809523809523809,molWeight,molPSA,nof_Atoms,nof_posCharge,nof_negCharge
11740,0.8571428571428571,0.6857142857142857,molWeight,molPSA,nof_Atoms,nof_posCharge,C_R2
11878,0.8571428571428573,0.6761904761904762,molWeight,molPSA,nof_Atoms,nof_SO3H,nof_COOH
11960,0.8571428571428573,0.6476190476190475,molWeight,molPSA,nof_Chirals,nof_Rings,C_R0
11965,0.8857142857142858,0.5619047619047619,molWeight,molPSA,nof_Chirals,nof_Rings,nof_Fragments
12011,0.8523809523809524,0.6190476190476191,molWeight,molPSA,nof_Chirals,nof_negCharge,C_R0
12015,0.8523809523809524,0.5,molWeight,molPSA,nof_Chirals,nof_negCharge,nof_RotB
12063,0.8571428571428571,0.7047619047619047,molWeight,molPSA,nof_Chirals,C_R1,nof_COOH
12216,0.8523809523809524,0.8523809523809524,molWeight,molPSA,nof_HBA,Complexity,nof_SO3H
12248,0.880952380952381,0.7142857142857142,molWeight,molPSA,nof_HBA,nof_negCharge,nof_PO4
12263,0.8571428571428571,0.7571428571428571,molWeight,molPSA,nof_HBA,a_heavy,nof_PO4
12397,0.8571428571428571,0.6142857142857142,molWeight,molPSA,nof_HBD,nof_Rings,nof_negCharge
12429,0.8571428571428571,0.7142857142857142,molWeight,molPSA,nof_HBD,Complexity,nof_COOH
12608,0.8571428571428571,0.7904761904761906,molWeight,molPSA,molCharge_total,Complexity,C_R1
12611,0.8523809523809524,0.8190476190476191,molWeight,molPSA,molCharge_total,Complexity,posCharge/Volume
12617,0.8809523809523808,0.7333333333333332,molWeight,molPSA,molCharge_total,Complexity,nof_SH
12621,0.880952380952381,0.8238095238095238,molWeight,molPSA,molCharge_total,Complexity,nof_acetyl
12622,0.8523809523809524,0.5904761904761904,molWeight,molPSA,molCharge_total,nof_posCharge,nof_negCharge
12631,0.8523809523809524,0.6809523809523811,molWeight,molPSA,molCharge_total,nof_posCharge,nof_Fragments
12641,0.8523809523809524,0.7095238095238096,molWeight,molPSA,molCharge_total,nof_negCharge,C_R1
12645,0.8523809523809524,0.6476190476190475,molWeight,molPSA,molCharge_total,nof_negCharge,negCharge/Volume
12668,0.8571428571428571,0.6714285714285714,molWeight,molPSA,molCharge_total,a_heavy,nof_OH
12688,0.8571428571428571,0.5904761904761904,molWeight,molPSA,molCharge_total,C_R1,nof_RotB
12699,0.8523809523809524,0.5952380952380952,molWeight,molPSA,molCharge_total,C_R0,negCharge/Volume
12755,0.8523809523809524,0.7666666666666667,molWeight,molPSA,molCharge_total,nof_PO4,nof_SH
12757,0.880952380952381,0.6761904761904762,molWeight,molPSA,molCharge_total,nof_PO4,nof_COOH
12772,0.8857142857142858,0.6714285714285714,molWeight,molPSA,molCharge_total,nof_COOH,nof_OH
12785,0.8523809523809524,0.7666666666666667,molWeight,molPSA,nof_Rings,Complexity,nof_Fragments
12786,0.8523809523809524,0.7904761904761906,molWeight,molPSA,nof_Rings,Complexity,nof_PO4
12787,0.8571428571428571,0.7,molWeight,molPSA,nof_Rings,Complexity,nof_SO3H
12790,0.880952380952381,0.7380952380952381,molWeight,molPSA,nof_Rings,Complexity,nof_COOH
12832,0.8523809523809524,0.5857142857142857,molWeight,molPSA,nof_Rings,a_heavy,nof_RotB
12964,0.8571428571428571,0.7095238095238096,molWeight,molPSA,Complexity,nof_negCharge,C_R2
12973,0.8523809523809524,0.8,molWeight,molPSA,Complexity,nof_negCharge,nof_SO3H
12977,0.8571428571428573,0.6523809523809524,molWeight,molPSA,Complexity,nof_negCharge,nof_OH
12987,0.8857142857142858,0.8476190476190476,molWeight,molPSA,Complexity,a_heavy,nof_PO4
12989,0.8523809523809524,0.7904761904761906,molWeight,molPSA,Complexity,a_heavy,nof_SH
13005,0.8857142857142858,0.8285714285714285,molWeight,molPSA,Complexity,C_R2,nof_COOH
13015,0.8571428571428573,0.8,molWeight,molPSA,Complexity,C_R1,nof_SO3H
13016,0.8523809523809524,0.7952380952380953,molWeight,molPSA,Complexity,C_R1,nof_SH
13090,0.8571428571428571,0.7619047619047619,molWeight,molPSA,Complexity,nof_SH,nof_COOH
13097,0.8523809523809524,0.8238095238095238,molWeight,molPSA,Complexity,nof_COOH,nof_acetyl
13112,0.8571428571428573,0.7047619047619047,molWeight,molPSA,nof_posCharge,nof_negCharge,nof_COOH
13114,0.8523809523809524,0.7333333333333333,molWeight,molPSA,nof_posCharge,nof_negCharge,nof_acetyl
13148,0.8523809523809524,0.7380952380952381,molWeight,molPSA,nof_posCharge,C_R1,nof_RotB
13243,0.8523809523809524,0.7095238095238096,molWeight,molPSA,nof_negCharge,a_heavy,nof_PO4
13256,0.8857142857142858,0.7047619047619047,molWeight,molPSA,nof_negCharge,C_R2,nof_Fragments
13295,0.8571428571428573,0.6761904761904762,molWeight,molPSA,nof_negCharge,C_sp3,nof_SH
13300,0.8571428571428573,0.6285714285714286,molWeight,molPSA,nof_negCharge,posCharge/Volume,negCharge/Volume
13304,0.880952380952381,0.7666666666666666,molWeight,molPSA,nof_negCharge,posCharge/Volume,nof_SO3H
13317,0.9095238095238096,0.7619047619047621,molWeight,molPSA,nof_negCharge,negCharge/Volume,nof_OH
13329,0.8523809523809524,0.6523809523809524,molWeight,molPSA,nof_negCharge,nof_Fragments,nof_SH
13335,0.880952380952381,0.7428571428571429,molWeight,molPSA,nof_negCharge,nof_PO4,nof_SH
13337,0.880952380952381,0.7380952380952381,molWeight,molPSA,nof_negCharge,nof_PO4,nof_COOH
13346,0.880952380952381,0.5952380952380952,molWeight,molPSA,nof_negCharge,nof_SH,nof_COOH
13352,0.8857142857142858,0.6714285714285715,molWeight,molPSA,nof_negCharge,nof_COOH,nof_OH
13365,0.8523809523809524,0.7333333333333333,molWeight,molPSA,a_heavy,C_R2,nof_NH2
13451,0.8571428571428571,0.6761904761904762,molWeight,molPSA,a_heavy,nof_SH,nof_COOH
13503,0.8523809523809524,0.7095238095238096,molWeight,molPSA,C_R2,posCharge/Volume,nof_COOH
13508,0.8523809523809524,0.6571428571428571,molWeight,molPSA,C_R2,negCharge/Volume,nof_PO4
13510,0.8523809523809524,0.7285714285714285,molWeight,molPSA,C_R2,negCharge/Volume,nof_SH
13529,0.8857142857142858,0.6761904761904762,molWeight,molPSA,C_R2,nof_Fragments,nof_acetyl
13533,0.8571428571428571,0.7714285714285714,molWeight,molPSA,C_R2,nof_PO4,nof_COOH
13756,0.8523809523809524,0.7380952380952381,molWeight,molPSA,posCharge/Volume,negCharge/Volume,nof_COOH
13867,0.8571428571428571,0.6476190476190476,molWeight,molPSA,nof_Fragments,nof_SO3H,nof_COOH
13878,0.8571428571428571,0.6857142857142857,molWeight,molPSA,nof_Fragments,nof_COOH,nof_acetyl
13896,0.8857142857142858,0.8,molWeight,molPSA,nof_SO3H,nof_SH,nof_COOH
13991,0.8571428571428573,0.7952380952380953,molWeight,molArea,PSA/Area,nof_HBD,C_R1
14048,0.8523809523809524,0.7714285714285715,molWeight,molArea,PSA/Area,Complexity,C_R1
14213,0.8571428571428573,0.7333333333333333,molWeight,molArea,PSA/Area,nof_COOH,nof_acetyl
14255,0.8523809523809524,0.7428571428571429,molWeight,molArea,nof_Atoms,nof_HBA,nof_SH
14259,0.8523809523809524,0.7380952380952381,molWeight,molArea,nof_Atoms,nof_HBA,nof_acetyl
14291,0.8523809523809524,0.6761904761904762,molWeight,molArea,nof_Atoms,molCharge_total,negCharge/Volume
14293,0.8523809523809524,0.6380952380952382,molWeight,molArea,nof_Atoms,molCharge_total,nof_Fragments
14310,0.8571428571428571,0.7333333333333333,molWeight,molArea,nof_Atoms,nof_Rings,negCharge/Volume
14334,0.8571428571428571,0.7714285714285715,molWeight,molArea,nof_Atoms,Complexity,nof_NH2
14374,0.8571428571428571,0.7666666666666667,molWeight,molArea,nof_Atoms,a_heavy,C_sp3
14400,0.8571428571428573,0.7333333333333333,molWeight,molArea,nof_Atoms,C_R1,C_R0
14494,0.8571428571428573,0.8571428571428571,molWeight,molArea,nof_Chirals,nof_HBA,Complexity
14540,0.9142857142857144,0.6476190476190475,molWeight,molArea,nof_Chirals,molCharge_total,C_R1
14554,0.8761904761904763,0.7952380952380953,molWeight,molArea,nof_Chirals,nof_Rings,Complexity
14561,0.8523809523809524,0.5904761904761904,molWeight,molArea,nof_Chirals,nof_Rings,C_sp3
14565,0.8523809523809524,0.6761904761904762,molWeight,molArea,nof_Chirals,nof_Rings,nof_Fragments
14566,0.8523809523809524,0.5857142857142856,molWeight,molArea,nof_Chirals,nof_Rings,nof_PO4
14574,0.8857142857142858,0.8571428571428571,molWeight,molArea,nof_Chirals,Complexity,nof_negCharge
14580,0.8523809523809524,0.8285714285714285,molWeight,molArea,nof_Chirals,Complexity,posCharge/Volume
14583,0.8571428571428571,0.9047619047619048,molWeight,molArea,nof_Chirals,Complexity,nof_Fragments
14589,0.880952380952381,0.7380952380952381,molWeight,molArea,nof_Chirals,Complexity,nof_OH
14590,0.8523809523809524,0.8,molWeight,molArea,nof_Chirals,Complexity,nof_acetyl
14599,0.8571428571428573,0.6761904761904762,molWeight,molArea,nof_Chirals,nof_posCharge,nof_RotB
14610,0.8523809523809524,0.6238095238095238,molWeight,molArea,nof_Chirals,nof_negCharge,C_R1
14613,0.8523809523809524,0.6761904761904762,molWeight,molArea,nof_Chirals,nof_negCharge,posCharge/Volume
14616,0.8523809523809524,0.7952380952380953,molWeight,molArea,nof_Chirals,nof_negCharge,nof_Fragments
14624,0.8523809523809524,0.6714285714285714,molWeight,molArea,nof_Chirals,a_heavy,C_R2
14636,0.8523809523809524,0.6380952380952379,molWeight,molArea,nof_Chirals,a_heavy,nof_COOH
14658,0.8571428571428571,0.6476190476190475,molWeight,molArea,nof_Chirals,C_R1,nof_Fragments
14690,0.880952380952381,0.7047619047619047,molWeight,molArea,nof_Chirals,posCharge/Volume,nof_RotB
14697,0.8523809523809524,0.7666666666666667,molWeight,molArea,nof_Chirals,posCharge/Volume,nof_OH
14712,0.880952380952381,0.7380952380952379,molWeight,molArea,nof_Chirals,nof_RotB,nof_NH2
14717,0.8571428571428571,0.7142857142857143,molWeight,molArea,nof_Chirals,nof_Fragments,nof_SO3H
14728,0.8523809523809524,0.7952380952380953,molWeight,molArea,nof_Chirals,nof_PO4,nof_acetyl
14746,0.8857142857142858,0.8190476190476189,molWeight,molArea,nof_HBA,nof_HBD,Complexity
14766,0.880952380952381,0.8,molWeight,molArea,nof_HBA,molCharge_total,Complexity
14782,0.8571428571428571,0.7,molWeight,molArea,nof_HBA,molCharge_total,nof_COOH
14793,0.880952380952381,0.7095238095238096,molWeight,molArea,nof_HBA,nof_Rings,posCharge/Volume
14805,0.8809523809523808,0.7619047619047619,molWeight,molArea,nof_HBA,Complexity,nof_negCharge
14814,0.9095238095238096,0.7619047619047619,molWeight,molArea,nof_HBA,Complexity,nof_Fragments
14817,0.8571428571428573,0.7904761904761906,molWeight,molArea,nof_HBA,Complexity,nof_SH
14819,0.8571428571428571,0.8285714285714285,molWeight,molArea,nof_HBA,Complexity,nof_COOH
14840,0.880952380952381,0.7,molWeight,molArea,nof_HBA,nof_negCharge,C_R2
14850,0.8523809523809524,0.6809523809523811,molWeight,molArea,nof_HBA,nof_negCharge,nof_SH
14875,0.8523809523809524,0.7285714285714285,molWeight,molArea,nof_HBA,C_R2,nof_RotB
14904,0.8523809523809524,0.6476190476190476,molWeight,molArea,nof_HBA,C_R0,nof_SH
14941,0.9142857142857144,0.7047619047619047,molWeight,molArea,nof_HBA,nof_RotB,nof_SO3H
14942,0.8523809523809524,0.6761904761904762,molWeight,molArea,nof_HBA,nof_RotB,nof_SH
14944,0.8571428571428573,0.7095238095238096,molWeight,molArea,nof_HBA,nof_RotB,nof_COOH
14949,0.8571428571428571,0.6761904761904762,molWeight,molArea,nof_HBA,nof_Fragments,nof_SH
14957,0.880952380952381,0.7714285714285715,molWeight,molArea,nof_HBA,nof_PO4,nof_COOH
14967,0.8523809523809524,0.7333333333333333,molWeight,molArea,nof_HBA,nof_SH,nof_OH
14968,0.8523809523809524,0.7428571428571429,molWeight,molArea,nof_HBA,nof_SH,nof_acetyl
14972,0.8571428571428571,0.7952380952380953,molWeight,molArea,nof_HBA,nof_COOH,nof_OH
14973,0.8523809523809524,0.7333333333333333,molWeight,molArea,nof_HBA,nof_COOH,nof_acetyl
14976,0.8571428571428571,0.8238095238095238,molWeight,molArea,nof_HBD,molCharge_total,Complexity
15016,0.8523809523809524,0.8142857142857143,molWeight,molArea,nof_HBD,Complexity,a_heavy
15017,0.8523809523809524,0.7142857142857142,molWeight,molArea,nof_HBD,Complexity,C_R2
15028,0.8523809523809524,0.7952380952380952,molWeight,molArea,nof_HBD,Complexity,nof_NH2
15059,0.8857142857142858,0.6380952380952382,molWeight,molArea,nof_HBD,nof_negCharge,nof_SO3H
15104,0.8571428571428571,0.7380952380952381,molWeight,molArea,nof_HBD,C_R1,nof_COOH
15154,0.8523809523809524,0.7380952380952379,molWeight,molArea,nof_HBD,nof_RotB,nof_COOH
15185,0.8571428571428571,0.7619047619047619,molWeight,molArea,molCharge_total,nof_Rings,Complexity
15186,0.8523809523809524,0.7047619047619047,molWeight,molArea,molCharge_total,nof_Rings,nof_posCharge
15194,0.8571428571428571,0.7714285714285715,molWeight,molArea,molCharge_total,nof_Rings,negCharge/Volume
15204,0.8523809523809524,0.8857142857142858,molWeight,molArea,molCharge_total,Complexity,nof_posCharge
15213,0.9142857142857144,0.8,molWeight,molArea,molCharge_total,Complexity,nof_RotB
15214,0.8571428571428571,0.7380952380952379,molWeight,molArea,molCharge_total,Complexity,nof_Fragments
15218,0.8571428571428571,0.7857142857142858,molWeight,molArea,molCharge_total,Complexity,nof_NH2
15219,0.8523809523809524,0.8285714285714285,molWeight,molArea,molCharge_total,Complexity,nof_COOH
15220,0.8523809523809524,0.7952380952380953,molWeight,molArea,molCharge_total,Complexity,nof_OH
15221,0.8571428571428571,0.7952380952380953,molWeight,molArea,molCharge_total,Complexity,nof_acetyl
15224,0.8523809523809524,0.7666666666666667,molWeight,molArea,molCharge_total,nof_posCharge,C_R2
15234,0.8571428571428571,0.5571428571428572,molWeight,molArea,molCharge_total,nof_posCharge,nof_SH
15262,0.8857142857142858,0.7285714285714285,molWeight,molArea,molCharge_total,a_heavy,nof_Fragments
15322,0.8571428571428571,0.8238095238095238,molWeight,molArea,molCharge_total,posCharge/Volume,nof_Fragments
15331,0.8571428571428573,0.7428571428571429,molWeight,molArea,molCharge_total,negCharge/Volume,nof_Fragments
15336,0.8523809523809524,0.6476190476190476,molWeight,molArea,molCharge_total,negCharge/Volume,nof_COOH
15352,0.8523809523809524,0.6285714285714286,molWeight,molArea,molCharge_total,nof_Fragments,nof_OH
15360,0.880952380952381,0.7047619047619047,molWeight,molArea,molCharge_total,nof_SO3H,nof_SH
15384,0.8523809523809524,0.7952380952380953,molWeight,molArea,nof_Rings,Complexity,nof_RotB
15385,0.8571428571428571,0.7714285714285715,molWeight,molArea,nof_Rings,Complexity,nof_Fragments
15389,0.8857142857142858,0.8571428571428571,molWeight,molArea,nof_Rings,Complexity,nof_NH2
15390,0.8571428571428571,0.7952380952380953,molWeight,molArea,nof_Rings,Complexity,nof_COOH
15393,0.8523809523809524,0.8,molWeight,molArea,nof_Rings,nof_posCharge,nof_negCharge
15449,0.8809523809523808,0.6761904761904761,molWeight,molArea,nof_Rings,C_R2,nof_SO3H
15499,0.8761904761904763,0.6809523809523811,molWeight,molArea,nof_Rings,posCharge/Volume,nof_OH
15512,0.8571428571428571,0.7,molWeight,molArea,nof_Rings,nof_RotB,nof_SO3H
15513,0.8523809523809524,0.7333333333333333,molWeight,molArea,nof_Rings,nof_RotB,nof_SH
15517,0.8523809523809524,0.6857142857142857,molWeight,molArea,nof_Rings,nof_RotB,nof_acetyl
15519,0.8523809523809524,0.7095238095238096,molWeight,molArea,nof_Rings,nof_Fragments,nof_SO3H
15537,0.8571428571428571,0.6238095238095238,molWeight,molArea,nof_Rings,nof_SH,nof_COOH
15543,0.8571428571428571,0.6142857142857142,molWeight,molArea,nof_Rings,nof_COOH,nof_OH
15547,0.8523809523809524,0.8,molWeight,molArea,Complexity,nof_posCharge,a_heavy
15556,0.8857142857142858,0.8571428571428571,molWeight,molArea,Complexity,nof_posCharge,nof_PO4
15557,0.8523809523809524,0.7380952380952381,molWeight,molArea,Complexity,nof_posCharge,nof_SO3H
15560,0.8523809523809524,0.7952380952380953,molWeight,molArea,Complexity,nof_posCharge,nof_COOH
15565,0.8523809523809524,0.7952380952380953,molWeight,molArea,Complexity,nof_negCharge,C_R1
15573,0.8571428571428573,0.7952380952380953,molWeight,molArea,Complexity,nof_negCharge,nof_SO3H
15576,0.8523809523809524,0.8285714285714286,molWeight,molArea,Complexity,nof_negCharge,nof_COOH
15582,0.8571428571428571,0.8238095238095238,molWeight,molArea,Complexity,a_heavy,C_sp3
15584,0.8523809523809524,0.8,molWeight,molArea,Complexity,a_heavy,negCharge/Volume
15585,0.8523809523809524,0.7380952380952379,molWeight,molArea,Complexity,a_heavy,nof_RotB
15587,0.8571428571428571,0.8476190476190476,molWeight,molArea,Complexity,a_heavy,nof_PO4
15589,0.8523809523809524,0.8238095238095238,molWeight,molArea,Complexity,a_heavy,nof_SH
15599,0.8523809523809524,0.8190476190476191,molWeight,molArea,Complexity,C_R2,nof_RotB
15605,0.8857142857142858,0.8190476190476189,molWeight,molArea,Complexity,C_R2,nof_COOH
15616,0.8571428571428571,0.8190476190476191,molWeight,molArea,Complexity,C_R1,nof_SH
15640,0.8571428571428571,0.7904761904761906,molWeight,molArea,Complexity,C_sp3,nof_NH2
15644,0.8523809523809524,0.8523809523809524,molWeight,molArea,Complexity,posCharge/Volume,negCharge/Volume
15647,0.8523809523809524,0.7714285714285714,molWeight,molArea,Complexity,posCharge/Volume,nof_PO4
15650,0.8523809523809524,0.7904761904761904,molWeight,molArea,Complexity,posCharge/Volume,nof_NH2
15654,0.8523809523809524,0.8238095238095238,molWeight,molArea,Complexity,negCharge/Volume,nof_RotB
15655,0.8523809523809524,0.7714285714285715,molWeight,molArea,Complexity,negCharge/Volume,nof_Fragments
15665,0.8857142857142858,0.7619047619047619,molWeight,molArea,Complexity,nof_RotB,nof_SO3H
15681,0.8523809523809524,0.8238095238095239,molWeight,molArea,Complexity,nof_PO4,nof_COOH
15685,0.8571428571428571,0.7714285714285715,molWeight,molArea,Complexity,nof_SO3H,nof_NH2
15687,0.8571428571428571,0.8285714285714285,molWeight,molArea,Complexity,nof_SO3H,nof_OH
15689,0.8571428571428573,0.8190476190476189,molWeight,molArea,Complexity,nof_SH,nof_NH2
15694,0.8571428571428571,0.7714285714285715,molWeight,molArea,Complexity,nof_NH2,nof_OH
15700,0.8523809523809524,0.7047619047619047,molWeight,molArea,nof_posCharge,nof_negCharge,C_R2
15719,0.8571428571428571,0.6142857142857142,molWeight,molArea,nof_posCharge,a_heavy,posCharge/Volume
15746,0.8523809523809524,0.8238095238095238,molWeight,molArea,nof_posCharge,C_R1,posCharge/Volume
15772,0.8523809523809524,0.6809523809523811,molWeight,molArea,nof_posCharge,C_sp3,nof_Fragments
15797,0.8571428571428571,0.8,molWeight,molArea,nof_posCharge,negCharge/Volume,nof_OH
15812,0.8523809523809524,0.7666666666666667,molWeight,molArea,nof_posCharge,nof_Fragments,nof_OH
15826,0.8857142857142858,0.7333333333333333,molWeight,molArea,nof_posCharge,nof_SH,nof_COOH
15827,0.8571428571428571,0.7666666666666667,molWeight,molArea,nof_posCharge,nof_SH,nof_OH
15839,0.8571428571428571,0.7047619047619047,molWeight,molArea,nof_negCharge,a_heavy,posCharge/Volume
15848,0.8571428571428571,0.7380952380952379,molWeight,molArea,nof_negCharge,a_heavy,nof_OH
15850,0.8571428571428571,0.6142857142857142,molWeight,molArea,nof_negCharge,C_R2,C_R1
15852,0.880952380952381,0.7428571428571429,molWeight,molArea,nof_negCharge,C_R2,C_sp3
15858,0.8523809523809524,0.7380952380952381,molWeight,molArea,nof_negCharge,C_R2,nof_SO3H
15898,0.8571428571428571,0.7047619047619047,molWeight,molArea,nof_negCharge,C_sp3,nof_OH
15935,0.9095238095238096,0.6380952380952382,molWeight,molArea,nof_negCharge,nof_PO4,nof_SH
15967,0.8571428571428571,0.6428571428571429,molWeight,molArea,a_heavy,C_R2,nof_OH
15968,0.8523809523809524,0.7571428571428572,molWeight,molArea,a_heavy,C_R2,nof_acetyl
15995,0.8571428571428573,0.6952380952380952,molWeight,molArea,a_heavy,C_sp3,negCharge/Volume
15996,0.8571428571428571,0.6809523809523811,molWeight,molArea,a_heavy,C_sp3,nof_RotB
16025,0.8571428571428571,0.6761904761904762,molWeight,molArea,a_heavy,nof_RotB,nof_PO4
16042,0.8571428571428571,0.7333333333333333,molWeight,molArea,a_heavy,nof_PO4,nof_COOH
16091,0.8571428571428571,0.7333333333333333,molWeight,molArea,C_R2,C_sp3,nof_SH
16097,0.8523809523809524,0.6142857142857142,molWeight,molArea,C_R2,posCharge/Volume,nof_RotB
16099,0.8523809523809524,0.7380952380952379,molWeight,molArea,C_R2,posCharge/Volume,nof_PO4
16100,0.8857142857142858,0.7285714285714285,molWeight,molArea,C_R2,posCharge/Volume,nof_SO3H
16109,0.8857142857142858,0.7904761904761904,molWeight,molArea,C_R2,negCharge/Volume,nof_SO3H
16119,0.8571428571428571,0.7619047619047619,molWeight,molArea,C_R2,nof_RotB,nof_NH2
16123,0.8523809523809524,0.6428571428571429,molWeight,molArea,C_R2,nof_Fragments,nof_PO4
16139,0.8571428571428573,0.7380952380952379,molWeight,molArea,C_R2,nof_SO3H,nof_OH
16208,0.8523809523809524,0.7428571428571428,molWeight,molArea,C_R1,nof_PO4,nof_SO3H
16226,0.8523809523809524,0.7333333333333333,molWeight,molArea,C_R1,nof_COOH,nof_OH
16299,0.8571428571428571,0.7333333333333333,molWeight,molArea,C_sp3,posCharge/Volume,nof_SO3H
16309,0.8523809523809524,0.7619047619047621,molWeight,molArea,C_sp3,negCharge/Volume,nof_SH
16362,0.8857142857142858,0.6714285714285715,molWeight,molArea,posCharge/Volume,nof_RotB,nof_SH
16413,0.8571428571428571,0.7047619047619047,molWeight,molArea,negCharge/Volume,nof_PO4,nof_COOH
16416,0.8571428571428571,0.7333333333333333,molWeight,molArea,negCharge/Volume,nof_SO3H,nof_SH
16507,0.8523809523809524,0.6714285714285715,molWeight,molArea,nof_SH,nof_NH2,nof_acetyl
16564,0.8571428571428571,0.6761904761904761,molWeight,PSA/Area,nof_Atoms,nof_HBD,nof_negCharge
16593,0.8571428571428571,0.6428571428571429,molWeight,PSA/Area,nof_Atoms,molCharge_total,nof_Fragments
16606,0.8523809523809524,0.6476190476190476,molWeight,PSA/Area,nof_Atoms,nof_Rings,C_R1
16607,0.8571428571428571,0.7333333333333333,molWeight,PSA/Area,nof_Atoms,nof_Rings,C_R0
16608,0.8571428571428571,0.7904761904761906,molWeight,PSA/Area,nof_Atoms,nof_Rings,C_sp3
16617,0.8523809523809524,0.7047619047619047,molWeight,PSA/Area,nof_Atoms,nof_Rings,nof_COOH
16653,0.8571428571428571,0.7619047619047619,molWeight,PSA/Area,nof_Atoms,nof_posCharge,nof_OH
16778,0.8523809523809524,0.7619047619047619,molWeight,PSA/Area,nof_Atoms,nof_SO3H,nof_COOH
16780,0.8523809523809524,0.7095238095238096,molWeight,PSA/Area,nof_Atoms,nof_SO3H,nof_acetyl
16789,0.8571428571428571,0.7666666666666667,molWeight,PSA/Area,nof_Atoms,nof_COOH,nof_acetyl
16831,0.8571428571428573,0.7619047619047619,molWeight,PSA/Area,nof_Chirals,nof_HBD,nof_COOH
16851,0.8523809523809524,0.7285714285714285,molWeight,PSA/Area,nof_Chirals,molCharge_total,nof_COOH
16921,0.8571428571428571,0.6666666666666667,molWeight,PSA/Area,nof_Chirals,nof_negCharge,nof_COOH
16996,0.8571428571428573,0.6428571428571429,molWeight,PSA/Area,nof_Chirals,posCharge/Volume,nof_COOH
17038,0.880952380952381,0.6857142857142857,molWeight,PSA/Area,nof_Chirals,nof_NH2,nof_COOH
17257,0.8857142857142858,0.6761904761904762,molWeight,PSA/Area,nof_HBA,nof_PO4,nof_COOH
17266,0.8571428571428571,0.7333333333333333,molWeight,PSA/Area,nof_HBA,nof_SH,nof_COOH
17289,0.8523809523809524,0.6428571428571429,molWeight,PSA/Area,nof_HBD,molCharge_total,nof_SO3H
17290,0.8523809523809524,0.6714285714285715,molWeight,PSA/Area,nof_HBD,molCharge_total,nof_SH
17293,0.8857142857142858,0.7380952380952381,molWeight,PSA/Area,nof_HBD,molCharge_total,nof_OH
17298,0.8523809523809524,0.7333333333333333,molWeight,PSA/Area,nof_HBD,nof_Rings,a_heavy
17307,0.8523809523809524,0.7380952380952381,molWeight,PSA/Area,nof_HBD,nof_Rings,nof_PO4
17311,0.8523809523809524,0.7047619047619047,molWeight,PSA/Area,nof_HBD,nof_Rings,nof_COOH
17348,0.8523809523809524,0.7,molWeight,PSA/Area,nof_HBD,nof_posCharge,nof_acetyl
17354,0.8809523809523808,0.7380952380952381,molWeight,PSA/Area,nof_HBD,nof_negCharge,posCharge/Volume
17364,0.8571428571428571,0.7333333333333333,molWeight,PSA/Area,nof_HBD,nof_negCharge,nof_acetyl
17373,0.8523809523809524,0.6761904761904761,molWeight,PSA/Area,nof_HBD,a_heavy,nof_PO4
17469,0.8571428571428573,0.6761904761904762,molWeight,PSA/Area,nof_HBD,nof_PO4,nof_acetyl
17472,0.8857142857142858,0.7095238095238096,molWeight,PSA/Area,nof_HBD,nof_SO3H,nof_COOH
17474,0.8571428571428571,0.5857142857142856,molWeight,PSA/Area,nof_HBD,nof_SO3H,nof_acetyl
17479,0.8523809523809524,0.7285714285714285,molWeight,PSA/Area,nof_HBD,nof_NH2,nof_COOH
17483,0.8571428571428571,0.7619047619047619,molWeight,PSA/Area,nof_HBD,nof_COOH,nof_acetyl
17487,0.8571428571428571,0.7333333333333333,molWeight,PSA/Area,molCharge_total,nof_Rings,nof_negCharge
17488,0.8571428571428571,0.7714285714285714,molWeight,PSA/Area,molCharge_total,nof_Rings,a_heavy
17493,0.8571428571428571,0.6190476190476191,molWeight,PSA/Area,molCharge_total,nof_Rings,posCharge/Volume
17502,0.8523809523809524,0.6952380952380953,molWeight,PSA/Area,molCharge_total,nof_Rings,nof_OH
17504,0.8523809523809524,0.7047619047619047,molWeight,PSA/Area,molCharge_total,Complexity,nof_posCharge
17519,0.8523809523809524,0.7714285714285714,molWeight,PSA/Area,molCharge_total,Complexity,nof_COOH
17566,0.8571428571428571,0.7333333333333333,molWeight,PSA/Area,molCharge_total,a_heavy,nof_NH2
17577,0.8523809523809524,0.6714285714285715,molWeight,PSA/Area,molCharge_total,C_R2,nof_PO4
17579,0.8571428571428571,0.7047619047619047,molWeight,PSA/Area,molCharge_total,C_R2,nof_SH
17580,0.8857142857142858,0.7380952380952381,molWeight,PSA/Area,molCharge_total,C_R2,nof_NH2
17626,0.8571428571428571,0.7047619047619047,molWeight,PSA/Area,molCharge_total,posCharge/Volume,nof_NH2
17627,0.9142857142857144,0.7380952380952379,molWeight,PSA/Area,molCharge_total,posCharge/Volume,nof_COOH
17660,0.880952380952381,0.6238095238095238,molWeight,PSA/Area,molCharge_total,nof_SO3H,nof_SH
17662,0.8761904761904763,0.7857142857142858,molWeight,PSA/Area,molCharge_total,nof_SO3H,nof_COOH
17666,0.8571428571428571,0.6761904761904761,molWeight,PSA/Area,molCharge_total,nof_SH,nof_COOH
17668,0.8523809523809524,0.7095238095238096,molWeight,PSA/Area,molCharge_total,nof_SH,nof_acetyl
17669,0.9142857142857144,0.5285714285714286,molWeight,PSA/Area,molCharge_total,nof_NH2,nof_COOH
17670,0.8523809523809524,0.7095238095238094,molWeight,PSA/Area,molCharge_total,nof_NH2,nof_OH
17671,0.8571428571428573,0.6761904761904761,molWeight,PSA/Area,molCharge_total,nof_NH2,nof_acetyl
17701,0.8523809523809524,0.7666666666666667,molWeight,PSA/Area,nof_Rings,nof_posCharge,nof_RotB
17705,0.8857142857142858,0.7142857142857142,molWeight,PSA/Area,nof_Rings,nof_posCharge,nof_SH
17709,0.8523809523809524,0.7095238095238096,molWeight,PSA/Area,nof_Rings,nof_posCharge,nof_acetyl
17723,0.8761904761904763,0.7428571428571428,molWeight,PSA/Area,nof_Rings,nof_negCharge,nof_COOH
17724,0.8857142857142858,0.7904761904761906,molWeight,PSA/Area,nof_Rings,nof_negCharge,nof_OH
17743,0.880952380952381,0.6761904761904762,molWeight,PSA/Area,nof_Rings,C_R2,C_sp3
17799,0.880952380952381,0.8285714285714285,molWeight,PSA/Area,nof_Rings,posCharge/Volume,nof_OH
17819,0.8571428571428571,0.6809523809523811,molWeight,PSA/Area,nof_Rings,nof_Fragments,nof_SO3H
17836,0.8571428571428573,0.7619047619047619,molWeight,PSA/Area,nof_Rings,nof_SH,nof_NH2
17837,0.9142857142857144,0.6809523809523811,molWeight,PSA/Area,nof_Rings,nof_SH,nof_COOH
17842,0.8523809523809524,0.7047619047619047,molWeight,PSA/Area,nof_Rings,nof_NH2,nof_acetyl
17862,0.8571428571428571,0.7047619047619047,molWeight,PSA/Area,Complexity,nof_posCharge,nof_acetyl
17951,0.8523809523809524,0.6476190476190475,molWeight,PSA/Area,Complexity,posCharge/Volume,nof_COOH
18011,0.8571428571428571,0.7666666666666667,molWeight,PSA/Area,nof_posCharge,nof_negCharge,nof_NH2
18012,0.8571428571428571,0.7333333333333333,molWeight,PSA/Area,nof_posCharge,nof_negCharge,nof_COOH
18014,0.8523809523809524,0.7380952380952379,molWeight,PSA/Area,nof_posCharge,nof_negCharge,nof_acetyl
18023,0.8523809523809524,0.6761904761904762,molWeight,PSA/Area,nof_posCharge,a_heavy,nof_PO4
18040,0.8571428571428571,0.7666666666666667,molWeight,PSA/Area,nof_posCharge,C_R2,nof_NH2
18087,0.8857142857142858,0.7333333333333333,molWeight,PSA/Area,nof_posCharge,posCharge/Volume,nof_COOH
18124,0.8523809523809524,0.6952380952380952,molWeight,PSA/Area,nof_posCharge,nof_SO3H,nof_acetyl
18129,0.880952380952381,0.7666666666666667,molWeight,PSA/Area,nof_posCharge,nof_NH2,nof_COOH
18172,0.880952380952381,0.7333333333333333,molWeight,PSA/Area,nof_negCharge,C_R1,nof_SH
18210,0.8571428571428571,0.6714285714285715,molWeight,PSA/Area,nof_negCharge,negCharge/Volume,nof_RotB
18224,0.8523809523809524,0.7095238095238096,molWeight,PSA/Area,nof_negCharge,nof_RotB,nof_COOH
18242,0.8571428571428571,0.6761904761904762,molWeight,PSA/Area,nof_negCharge,nof_SO3H,nof_COOH
18244,0.8571428571428571,0.7285714285714285,molWeight,PSA/Area,nof_negCharge,nof_SO3H,nof_acetyl
18246,0.8571428571428571,0.7904761904761906,molWeight,PSA/Area,nof_negCharge,nof_SH,nof_COOH
18247,0.8523809523809524,0.7571428571428571,molWeight,PSA/Area,nof_negCharge,nof_SH,nof_OH
18249,0.880952380952381,0.7,molWeight,PSA/Area,nof_negCharge,nof_NH2,nof_COOH
18250,0.8857142857142858,0.7333333333333333,molWeight,PSA/Area,nof_negCharge,nof_NH2,nof_OH
18434,0.8523809523809524,0.7142857142857142,molWeight,PSA/Area,C_R2,nof_PO4,nof_OH
18442,0.8523809523809524,0.7,molWeight,PSA/Area,C_R2,nof_SH,nof_COOH
18449,0.8523809523809524,0.7380952380952379,molWeight,PSA/Area,C_R2,nof_COOH,nof_acetyl
18460,0.8523809523809524,0.7095238095238096,molWeight,PSA/Area,C_R1,C_R0,nof_COOH
18656,0.8523809523809524,0.7666666666666667,molWeight,PSA/Area,posCharge/Volume,negCharge/Volume,nof_COOH
18676,0.8523809523809524,0.7714285714285715,molWeight,PSA/Area,posCharge/Volume,nof_PO4,nof_NH2
18689,0.8571428571428571,0.7666666666666667,molWeight,PSA/Area,posCharge/Volume,nof_NH2,nof_COOH
18773,0.8809523809523808,0.7333333333333333,molWeight,PSA/Area,nof_Fragments,nof_SH,nof_acetyl
18779,0.8523809523809524,0.8571428571428571,molWeight,PSA/Area,nof_Fragments,nof_OH,nof_acetyl
18784,0.8523809523809524,0.7428571428571429,molWeight,PSA/Area,nof_PO4,nof_SO3H,nof_acetyl
18789,0.8571428571428571,0.6761904761904762,molWeight,PSA/Area,nof_PO4,nof_NH2,nof_COOH
18805,0.8523809523809524,0.7380952380952379,molWeight,PSA/Area,nof_SH,nof_NH2,nof_COOH
19119,0.8523809523809524,0.7380952380952381,molWeight,nof_Atoms,nof_HBA,nof_Rings,nof_RotB
19134,0.8571428571428571,0.7666666666666667,molWeight,nof_Atoms,nof_HBA,Complexity,C_sp3
19144,0.8857142857142858,0.6190476190476191,molWeight,nof_Atoms,nof_HBA,Complexity,nof_OH
19177,0.8857142857142858,0.7380952380952379,molWeight,nof_Atoms,nof_HBA,nof_negCharge,nof_OH
19286,0.8523809523809524,0.8238095238095239,molWeight,nof_Atoms,nof_HBA,nof_SO3H,nof_COOH
19290,0.880952380952381,0.6476190476190475,molWeight,nof_Atoms,nof_HBA,nof_SH,nof_COOH
19311,0.8571428571428571,0.6238095238095238,molWeight,nof_Atoms,nof_HBD,molCharge_total,nof_Fragments
19329,0.8523809523809524,0.6190476190476191,molWeight,nof_Atoms,nof_HBD,nof_Rings,nof_RotB
19351,0.8857142857142858,0.6523809523809525,molWeight,nof_Atoms,nof_HBD,Complexity,nof_SH
19413,0.8761904761904763,0.6523809523809525,molWeight,nof_Atoms,nof_HBD,C_R2,nof_SH
19490,0.8571428571428573,0.6190476190476191,molWeight,nof_Atoms,nof_HBD,nof_PO4,nof_NH2
19528,0.8761904761904763,0.7380952380952381,molWeight,nof_Atoms,molCharge_total,Complexity,nof_posCharge
19544,0.880952380952381,0.7142857142857142,molWeight,nof_Atoms,molCharge_total,Complexity,nof_OH
19605,0.8571428571428571,0.6428571428571429,molWeight,nof_Atoms,molCharge_total,C_R2,nof_COOH
19651,0.8523809523809524,0.7380952380952379,molWeight,nof_Atoms,molCharge_total,posCharge/Volume,nof_COOH
19679,0.8523809523809524,0.7,molWeight,nof_Atoms,molCharge_total,nof_PO4,nof_SH
19712,0.8761904761904763,0.6714285714285715,molWeight,nof_Atoms,nof_Rings,Complexity,nof_SH
19761,0.8523809523809524,0.7095238095238096,molWeight,nof_Atoms,nof_Rings,a_heavy,nof_NH2
19793,0.8523809523809524,0.7952380952380953,molWeight,nof_Atoms,nof_Rings,C_R0,posCharge/Volume
19818,0.8523809523809524,0.7142857142857143,molWeight,nof_Atoms,nof_Rings,posCharge/Volume,nof_PO4
19820,0.8523809523809524,0.6142857142857143,molWeight,nof_Atoms,nof_Rings,posCharge/Volume,nof_SH
19842,0.8523809523809524,0.6714285714285715,molWeight,nof_Atoms,nof_Rings,nof_Fragments,nof_PO4
19900,0.8523809523809524,0.6428571428571428,molWeight,nof_Atoms,Complexity,nof_negCharge,nof_COOH
20004,0.8857142857142858,0.6809523809523811,molWeight,nof_Atoms,Complexity,nof_PO4,nof_NH2
20013,0.8523809523809524,0.6809523809523811,molWeight,nof_Atoms,Complexity,nof_SH,nof_NH2
20015,0.8523809523809524,0.7952380952380953,molWeight,nof_Atoms,Complexity,nof_SH,nof_OH
20142,0.880952380952381,0.7047619047619047,molWeight,nof_Atoms,nof_posCharge,nof_PO4,nof_OH
20271,0.8571428571428573,0.7285714285714286,molWeight,nof_Atoms,nof_negCharge,nof_SH,nof_OH
20691,0.8571428571428573,0.7952380952380953,molWeight,nof_Atoms,posCharge/Volume,nof_Fragments,nof_PO4
20716,0.8571428571428571,0.6809523809523811,molWeight,nof_Atoms,posCharge/Volume,nof_COOH,nof_OH
20861,0.8523809523809524,0.7619047619047619,molWeight,nof_Chirals,nof_HBA,molCharge_total,Complexity
20914,0.8523809523809524,0.7619047619047621,molWeight,nof_Chirals,nof_HBA,Complexity,nof_COOH
20935,0.8571428571428573,0.7047619047619047,molWeight,nof_Chirals,nof_HBA,nof_negCharge,C_R2
20970,0.880952380952381,0.6428571428571429,molWeight,nof_Chirals,nof_HBA,C_R2,nof_RotB
21020,0.8571428571428573,0.8523809523809524,molWeight,nof_Chirals,nof_HBA,posCharge/Volume,nof_SH
21022,0.8523809523809524,0.7095238095238096,molWeight,nof_Chirals,nof_HBA,posCharge/Volume,nof_COOH
21025,0.8857142857142858,0.6476190476190475,molWeight,nof_Chirals,nof_HBA,negCharge/Volume,nof_RotB
21031,0.8523809523809524,0.7047619047619047,molWeight,nof_Chirals,nof_HBA,negCharge/Volume,nof_COOH
21039,0.880952380952381,0.6761904761904762,molWeight,nof_Chirals,nof_HBA,nof_RotB,nof_COOH
21040,0.8857142857142858,0.7380952380952381,molWeight,nof_Chirals,nof_HBA,nof_RotB,nof_OH
21052,0.8857142857142858,0.7,molWeight,nof_Chirals,nof_HBA,nof_PO4,nof_COOH
21061,0.880952380952381,0.7285714285714285,molWeight,nof_Chirals,nof_HBA,nof_SH,nof_COOH
21068,0.8523809523809524,0.7333333333333333,molWeight,nof_Chirals,nof_HBA,nof_COOH,nof_acetyl
21087,0.8523809523809524,0.7333333333333333,molWeight,nof_Chirals,nof_HBD,molCharge_total,nof_COOH
21149,0.8571428571428571,0.6666666666666667,molWeight,nof_Chirals,nof_HBD,nof_negCharge,posCharge/Volume
21241,0.8523809523809524,0.5571428571428572,molWeight,nof_Chirals,nof_HBD,negCharge/Volume,nof_COOH
21296,0.8571428571428573,0.6809523809523811,molWeight,nof_Chirals,molCharge_total,nof_Rings,nof_COOH
21307,0.8571428571428573,0.7666666666666667,molWeight,nof_Chirals,molCharge_total,Complexity,negCharge/Volume
21310,0.8523809523809524,0.7619047619047619,molWeight,nof_Chirals,molCharge_total,Complexity,nof_PO4
21311,0.8523809523809524,0.6523809523809524,molWeight,nof_Chirals,molCharge_total,Complexity,nof_SO3H
21312,0.8857142857142858,0.7,molWeight,nof_Chirals,molCharge_total,Complexity,nof_SH
21379,0.8523809523809524,0.5904761904761904,molWeight,nof_Chirals,molCharge_total,C_R1,C_R0
21393,0.8523809523809524,0.5809523809523809,molWeight,nof_Chirals,molCharge_total,C_R0,posCharge/Volume
21416,0.8523809523809524,0.7095238095238096,molWeight,nof_Chirals,molCharge_total,posCharge/Volume,nof_RotB
21438,0.8571428571428571,0.5238095238095238,molWeight,nof_Chirals,molCharge_total,nof_RotB,nof_NH2
21470,0.8523809523809524,0.8238095238095239,molWeight,nof_Chirals,nof_Rings,Complexity,nof_posCharge
21471,0.8571428571428571,0.8142857142857143,molWeight,nof_Chirals,nof_Rings,Complexity,nof_negCharge
21505,0.8857142857142858,0.7619047619047619,molWeight,nof_Chirals,nof_Rings,nof_negCharge,a_heavy
21512,0.8571428571428571,0.7047619047619047,molWeight,nof_Chirals,nof_Rings,nof_negCharge,nof_RotB
21517,0.8523809523809524,0.6523809523809524,molWeight,nof_Chirals,nof_Rings,nof_negCharge,nof_NH2
21530,0.8523809523809524,0.7047619047619047,molWeight,nof_Chirals,nof_Rings,a_heavy,nof_SO3H
21596,0.8571428571428571,0.6142857142857142,molWeight,nof_Chirals,nof_Rings,negCharge/Volume,nof_RotB
21612,0.8523809523809524,0.5666666666666667,molWeight,nof_Chirals,nof_Rings,nof_RotB,nof_acetyl
21641,0.8571428571428573,0.7714285714285715,molWeight,nof_Chirals,Complexity,nof_posCharge,nof_negCharge
21655,0.8761904761904763,0.8523809523809524,molWeight,nof_Chirals,Complexity,nof_posCharge,nof_COOH
21663,0.8761904761904763,0.7428571428571428,molWeight,nof_Chirals,Complexity,nof_negCharge,posCharge/Volume
21670,0.8857142857142858,0.7857142857142858,molWeight,nof_Chirals,Complexity,nof_negCharge,nof_NH2
21672,0.880952380952381,0.7285714285714284,molWeight,nof_Chirals,Complexity,nof_negCharge,nof_OH
21700,0.8523809523809524,0.7142857142857142,molWeight,nof_Chirals,Complexity,C_R2,nof_COOH
21702,0.880952380952381,0.8238095238095238,molWeight,nof_Chirals,Complexity,C_R2,nof_acetyl
21713,0.8523809523809524,0.7047619047619047,molWeight,nof_Chirals,Complexity,C_R1,nof_COOH
21755,0.8523809523809524,0.8523809523809524,molWeight,nof_Chirals,Complexity,negCharge/Volume,nof_COOH
21767,0.8523809523809524,0.7904761904761904,molWeight,nof_Chirals,Complexity,nof_Fragments,nof_SO3H
21781,0.8523809523809524,0.7809523809523811,molWeight,nof_Chirals,Complexity,nof_SO3H,nof_COOH
21785,0.880952380952381,0.8238095238095239,molWeight,nof_Chirals,Complexity,nof_SH,nof_COOH
21788,0.880952380952381,0.6761904761904761,molWeight,nof_Chirals,Complexity,nof_NH2,nof_COOH
21795,0.8523809523809524,0.7428571428571429,molWeight,nof_Chirals,nof_posCharge,nof_negCharge,C_R2
21816,0.8523809523809524,0.5904761904761904,molWeight,nof_Chirals,nof_posCharge,a_heavy,nof_RotB
21920,0.8523809523809524,0.6142857142857142,molWeight,nof_Chirals,nof_posCharge,nof_SH,nof_NH2
21986,0.8571428571428571,0.5285714285714286,molWeight,nof_Chirals,nof_negCharge,C_sp3,nof_RotB
21997,0.880952380952381,0.6714285714285715,molWeight,nof_Chirals,nof_negCharge,posCharge/Volume,nof_Fragments
22018,0.8523809523809524,0.6476190476190475,molWeight,nof_Chirals,nof_negCharge,nof_RotB,nof_NH2
22314,0.8761904761904763,0.5809523809523809,molWeight,nof_Chirals,C_R1,nof_SH,nof_NH2
22458,0.8571428571428571,0.5857142857142856,molWeight,nof_Chirals,posCharge/Volume,nof_RotB,nof_NH2
22484,0.8571428571428571,0.7047619047619047,molWeight,nof_Chirals,posCharge/Volume,nof_NH2,nof_COOH
22541,0.8571428571428571,0.6476190476190475,molWeight,nof_Chirals,nof_RotB,nof_SO3H,nof_COOH
22600,0.9142857142857144,0.6571428571428571,molWeight,nof_Chirals,nof_SH,nof_NH2,nof_COOH
22606,0.8523809523809524,0.6809523809523811,molWeight,nof_Chirals,nof_NH2,nof_COOH,nof_OH
22619,0.8523809523809524,0.6190476190476191,molWeight,nof_HBA,nof_HBD,molCharge_total,posCharge/Volume
22622,0.8571428571428571,0.6190476190476191,molWeight,nof_HBA,nof_HBD,molCharge_total,nof_Fragments
22627,0.8523809523809524,0.6238095238095238,molWeight,nof_HBA,nof_HBD,molCharge_total,nof_COOH
22629,0.8761904761904763,0.7523809523809525,molWeight,nof_HBA,nof_HBD,molCharge_total,nof_acetyl
22663,0.8523809523809524,0.7952380952380953,molWeight,nof_HBA,nof_HBD,Complexity,nof_NH2
22675,0.8523809523809524,0.7047619047619047,molWeight,nof_HBA,nof_HBD,nof_posCharge,nof_RotB
22685,0.9142857142857144,0.7333333333333333,molWeight,nof_HBA,nof_HBD,nof_negCharge,C_R2
22696,0.8571428571428571,0.6428571428571429,molWeight,nof_HBA,nof_HBD,nof_negCharge,nof_NH2
22697,0.8761904761904763,0.6523809523809524,molWeight,nof_HBA,nof_HBD,nof_negCharge,nof_COOH
22753,0.8523809523809524,0.8,molWeight,nof_HBA,nof_HBD,C_R0,nof_acetyl
22811,0.880952380952381,0.6714285714285715,molWeight,nof_HBA,nof_HBD,nof_SH,nof_COOH
22814,0.8571428571428573,0.7714285714285714,molWeight,nof_HBA,nof_HBD,nof_NH2,nof_COOH
22843,0.8571428571428573,0.7666666666666667,molWeight,nof_HBA,molCharge_total,Complexity,C_R1
22851,0.8857142857142858,0.7904761904761904,molWeight,nof_HBA,molCharge_total,Complexity,nof_SO3H
22852,0.9095238095238096,0.8571428571428571,molWeight,nof_HBA,molCharge_total,Complexity,nof_SH
22853,0.880952380952381,0.8571428571428571,molWeight,nof_HBA,molCharge_total,Complexity,nof_NH2
22856,0.8523809523809524,0.7666666666666667,molWeight,nof_HBA,molCharge_total,Complexity,nof_acetyl
22857,0.8571428571428571,0.7666666666666667,molWeight,nof_HBA,molCharge_total,nof_posCharge,nof_negCharge
22865,0.8761904761904763,0.7571428571428571,molWeight,nof_HBA,molCharge_total,nof_posCharge,nof_RotB
22872,0.8857142857142858,0.7666666666666667,molWeight,nof_HBA,molCharge_total,nof_posCharge,nof_OH
22879,0.9095238095238096,0.7047619047619047,molWeight,nof_HBA,molCharge_total,nof_negCharge,posCharge/Volume
22884,0.8571428571428571,0.8190476190476191,molWeight,nof_HBA,molCharge_total,nof_negCharge,nof_SO3H
22904,0.8571428571428571,0.7095238095238094,molWeight,nof_HBA,molCharge_total,a_heavy,nof_acetyl
22912,0.8571428571428573,0.6761904761904762,molWeight,nof_HBA,molCharge_total,C_R2,nof_PO4
22916,0.8571428571428573,0.7,molWeight,nof_HBA,molCharge_total,C_R2,nof_COOH
22923,0.8857142857142858,0.6809523809523811,molWeight,nof_HBA,molCharge_total,C_R1,nof_RotB
22927,0.8523809523809524,0.6761904761904762,molWeight,nof_HBA,molCharge_total,C_R1,nof_SH
22933,0.8571428571428571,0.5095238095238095,molWeight,nof_HBA,molCharge_total,C_R0,posCharge/Volume
22941,0.880952380952381,0.6809523809523811,molWeight,nof_HBA,molCharge_total,C_R0,nof_COOH
22962,0.9142857142857144,0.7285714285714285,molWeight,nof_HBA,molCharge_total,posCharge/Volume,nof_COOH
22974,0.8571428571428571,0.6380952380952379,molWeight,nof_HBA,molCharge_total,nof_RotB,nof_Fragments
22981,0.8523809523809524,0.7380952380952379,molWeight,nof_HBA,molCharge_total,nof_RotB,nof_acetyl
22982,0.8571428571428573,0.7142857142857142,molWeight,nof_HBA,molCharge_total,nof_Fragments,nof_PO4
22986,0.8523809523809524,0.7095238095238094,molWeight,nof_HBA,molCharge_total,nof_Fragments,nof_COOH
22993,0.9095238095238096,0.8238095238095238,molWeight,nof_HBA,molCharge_total,nof_PO4,nof_OH
22995,0.8809523809523808,0.7619047619047619,molWeight,nof_HBA,molCharge_total,nof_SO3H,nof_SH
23000,0.8523809523809524,0.7333333333333333,molWeight,nof_HBA,molCharge_total,nof_SH,nof_NH2
23001,0.8571428571428573,0.7619047619047618,molWeight,nof_HBA,molCharge_total,nof_SH,nof_COOH
23004,0.9047619047619048,0.7666666666666667,molWeight,nof_HBA,molCharge_total,nof_NH2,nof_COOH
23005,0.8571428571428573,0.7571428571428571,molWeight,nof_HBA,molCharge_total,nof_NH2,nof_OH
23007,0.9142857142857144,0.7666666666666667,molWeight,nof_HBA,molCharge_total,nof_COOH,nof_OH
23019,0.9095238095238096,0.7,molWeight,nof_HBA,nof_Rings,Complexity,nof_RotB
23022,0.8523809523809524,0.7904761904761904,molWeight,nof_HBA,nof_Rings,Complexity,nof_SO3H
23048,0.8523809523809524,0.7,molWeight,nof_HBA,nof_Rings,nof_negCharge,C_R0
23053,0.8571428571428573,0.6857142857142857,molWeight,nof_HBA,nof_Rings,nof_negCharge,nof_Fragments
23059,0.8523809523809524,0.7666666666666667,molWeight,nof_HBA,nof_Rings,nof_negCharge,nof_OH
23128,0.8571428571428571,0.6761904761904762,molWeight,nof_HBA,nof_Rings,posCharge/Volume,nof_Fragments
23145,0.8523809523809524,0.6428571428571429,molWeight,nof_HBA,nof_Rings,nof_RotB,nof_Fragments
23147,0.880952380952381,0.7,molWeight,nof_HBA,nof_Rings,nof_RotB,nof_SO3H
23190,0.8809523809523808,0.7428571428571428,molWeight,nof_HBA,Complexity,nof_posCharge,nof_Fragments
23194,0.8571428571428573,0.7095238095238096,molWeight,nof_HBA,Complexity,nof_posCharge,nof_NH2
23199,0.8761904761904763,0.7,molWeight,nof_HBA,Complexity,nof_negCharge,C_R2
23203,0.880952380952381,0.7904761904761904,molWeight,nof_HBA,Complexity,nof_negCharge,posCharge/Volume
23210,0.8857142857142858,0.7285714285714285,molWeight,nof_HBA,Complexity,nof_negCharge,nof_NH2
23212,0.9095238095238096,0.7714285714285715,molWeight,nof_HBA,Complexity,nof_negCharge,nof_OH
23213,0.8571428571428571,0.7714285714285715,molWeight,nof_HBA,Complexity,nof_negCharge,nof_acetyl
23282,0.8523809523809524,0.7095238095238096,molWeight,nof_HBA,Complexity,posCharge/Volume,nof_PO4
23289,0.8523809523809524,0.6190476190476191,molWeight,nof_HBA,Complexity,negCharge/Volume,nof_RotB
23304,0.880952380952381,0.7619047619047619,molWeight,nof_HBA,Complexity,nof_RotB,nof_OH
23317,0.8523809523809524,0.8857142857142858,molWeight,nof_HBA,Complexity,nof_PO4,nof_OH
23331,0.9142857142857144,0.8,molWeight,nof_HBA,Complexity,nof_COOH,nof_OH
23333,0.8523809523809524,0.7619047619047618,molWeight,nof_HBA,Complexity,nof_OH,nof_acetyl
23338,0.8523809523809524,0.7095238095238094,molWeight,nof_HBA,nof_posCharge,nof_negCharge,C_sp3
23398,0.8523809523809524,0.7047619047619047,molWeight,nof_HBA,nof_posCharge,C_R0,nof_SO3H
23404,0.8571428571428571,0.6190476190476191,molWeight,nof_HBA,nof_posCharge,C_sp3,posCharge/Volume
23416,0.8571428571428573,0.5333333333333333,molWeight,nof_HBA,nof_posCharge,posCharge/Volume,nof_RotB
23461,0.8571428571428571,0.7380952380952381,molWeight,nof_HBA,nof_posCharge,nof_SH,nof_COOH
23464,0.8523809523809524,0.7904761904761904,molWeight,nof_HBA,nof_posCharge,nof_NH2,nof_COOH
23491,0.8571428571428573,0.7619047619047621,molWeight,nof_HBA,nof_negCharge,C_R2,nof_Fragments
23495,0.8857142857142858,0.7619047619047619,molWeight,nof_HBA,nof_negCharge,C_R2,nof_NH2
23496,0.8857142857142858,0.7952380952380953,molWeight,nof_HBA,nof_negCharge,C_R2,nof_COOH
23507,0.8571428571428571,0.7428571428571429,molWeight,nof_HBA,nof_negCharge,C_R1,nof_SH
23521,0.8571428571428571,0.7380952380952381,molWeight,nof_HBA,nof_negCharge,C_R0,nof_COOH
23535,0.938095238095238,0.7619047619047619,molWeight,nof_HBA,nof_negCharge,posCharge/Volume,negCharge/Volume
23540,0.9142857142857144,0.7619047619047619,molWeight,nof_HBA,nof_negCharge,posCharge/Volume,nof_SH
23541,0.9095238095238096,0.7047619047619047,molWeight,nof_HBA,nof_negCharge,posCharge/Volume,nof_NH2
23547,0.8761904761904763,0.7952380952380953,molWeight,nof_HBA,nof_negCharge,negCharge/Volume,nof_PO4
23552,0.8523809523809524,0.8,molWeight,nof_HBA,nof_negCharge,negCharge/Volume,nof_OH
23555,0.880952380952381,0.7380952380952381,molWeight,nof_HBA,nof_negCharge,nof_RotB,nof_PO4
23559,0.8571428571428573,0.6190476190476191,molWeight,nof_HBA,nof_negCharge,nof_RotB,nof_COOH
23566,0.9095238095238096,0.7619047619047619,molWeight,nof_HBA,nof_negCharge,nof_Fragments,nof_COOH
23571,0.8761904761904763,0.6761904761904762,molWeight,nof_HBA,nof_negCharge,nof_PO4,nof_NH2
23572,0.8857142857142858,0.7619047619047619,molWeight,nof_HBA,nof_negCharge,nof_PO4,nof_COOH
23577,0.8809523809523808,0.7333333333333333,molWeight,nof_HBA,nof_negCharge,nof_SO3H,nof_COOH
23578,0.880952380952381,0.6761904761904762,molWeight,nof_HBA,nof_negCharge,nof_SO3H,nof_OH
23583,0.880952380952381,0.5809523809523809,molWeight,nof_HBA,nof_negCharge,nof_SH,nof_acetyl
23584,0.8857142857142858,0.7285714285714285,molWeight,nof_HBA,nof_negCharge,nof_NH2,nof_COOH
23587,0.8761904761904763,0.8238095238095238,molWeight,nof_HBA,nof_negCharge,nof_COOH,nof_OH
23631,0.8523809523809524,0.6476190476190475,molWeight,nof_HBA,a_heavy,C_sp3,nof_RotB
23642,0.8523809523809524,0.7190476190476189,molWeight,nof_HBA,a_heavy,posCharge/Volume,nof_Fragments
23689,0.8523809523809524,0.7095238095238094,molWeight,nof_HBA,a_heavy,nof_NH2,nof_COOH
23705,0.880952380952381,0.7619047619047619,molWeight,nof_HBA,C_R2,C_R1,nof_COOH
23724,0.8523809523809524,0.6714285714285714,molWeight,nof_HBA,C_R2,C_sp3,nof_PO4
23752,0.8523809523809524,0.7047619047619047,molWeight,nof_HBA,C_R2,nof_RotB,nof_SO3H
23755,0.8571428571428571,0.6523809523809525,molWeight,nof_HBA,C_R2,nof_RotB,nof_COOH
23773,0.8857142857142858,0.7333333333333333,molWeight,nof_HBA,C_R2,nof_SO3H,nof_COOH
23777,0.8571428571428571,0.7142857142857142,molWeight,nof_HBA,C_R2,nof_SH,nof_COOH
23780,0.8523809523809524,0.7380952380952379,molWeight,nof_HBA,C_R2,nof_NH2,nof_COOH
23793,0.8523809523809524,0.6809523809523811,molWeight,nof_HBA,C_R1,C_R0,nof_SH
23810,0.9142857142857144,0.7666666666666667,molWeight,nof_HBA,C_R1,posCharge/Volume,nof_RotB
23816,0.9095238095238096,0.6714285714285715,molWeight,nof_HBA,C_R1,posCharge/Volume,nof_COOH
23819,0.8571428571428571,0.6666666666666667,molWeight,nof_HBA,C_R1,negCharge/Volume,nof_RotB
23831,0.8571428571428573,0.6809523809523811,molWeight,nof_HBA,C_R1,nof_RotB,nof_SH
23851,0.8523809523809524,0.6809523809523811,molWeight,nof_HBA,C_R1,nof_SO3H,nof_COOH
23915,0.8523809523809524,0.6428571428571429,molWeight,nof_HBA,C_R0,nof_SO3H,nof_SH
23917,0.8571428571428571,0.6476190476190476,molWeight,nof_HBA,C_R0,nof_SO3H,nof_COOH
23930,0.8523809523809524,0.6476190476190475,molWeight,nof_HBA,C_sp3,posCharge/Volume,negCharge/Volume
23950,0.8523809523809524,0.7380952380952381,molWeight,nof_HBA,C_sp3,nof_RotB,nof_PO4
23987,0.8523809523809524,0.7095238095238096,molWeight,nof_HBA,posCharge/Volume,negCharge/Volume,nof_PO4
23988,0.8523809523809524,0.7095238095238096,molWeight,nof_HBA,posCharge/Volume,negCharge/Volume,nof_SO3H
23997,0.8857142857142858,0.7619047619047621,molWeight,nof_HBA,posCharge/Volume,nof_RotB,nof_SH
23999,0.8571428571428571,0.7,molWeight,nof_HBA,posCharge/Volume,nof_RotB,nof_COOH
24001,0.8761904761904763,0.7333333333333333,molWeight,nof_HBA,posCharge/Volume,nof_RotB,nof_acetyl
24012,0.8761904761904763,0.7857142857142858,molWeight,nof_HBA,posCharge/Volume,nof_PO4,nof_COOH
24017,0.8523809523809524,0.7333333333333333,molWeight,nof_HBA,posCharge/Volume,nof_SO3H,nof_COOH
24033,0.8857142857142858,0.6809523809523811,molWeight,nof_HBA,negCharge/Volume,nof_RotB,nof_SH
24035,0.8571428571428573,0.6142857142857142,molWeight,nof_HBA,negCharge/Volume,nof_RotB,nof_COOH
24074,0.8857142857142858,0.6428571428571429,molWeight,nof_HBA,nof_RotB,nof_PO4,nof_SH
24085,0.880952380952381,0.6761904761904762,molWeight,nof_HBA,nof_RotB,nof_SH,nof_COOH
24112,0.880952380952381,0.8238095238095238,molWeight,nof_HBA,nof_Fragments,nof_COOH,nof_OH
24124,0.8857142857142858,0.6476190476190475,molWeight,nof_HBA,nof_PO4,nof_NH2,nof_COOH
24128,0.9142857142857144,0.7952380952380953,molWeight,nof_HBA,nof_PO4,nof_COOH,nof_acetyl
24131,0.9095238095238096,0.7047619047619047,molWeight,nof_HBA,nof_SO3H,nof_SH,nof_COOH
24140,0.8571428571428573,0.7666666666666667,molWeight,nof_HBA,nof_SH,nof_NH2,nof_COOH
24146,0.8523809523809524,0.7,molWeight,nof_HBA,nof_NH2,nof_COOH,nof_OH
24172,0.9095238095238096,0.7714285714285715,molWeight,nof_HBD,molCharge_total,Complexity,C_R2
24175,0.8523809523809524,0.6285714285714286,molWeight,nof_HBD,molCharge_total,Complexity,C_sp3
24185,0.8857142857142858,0.7666666666666667,molWeight,nof_HBD,molCharge_total,Complexity,nof_OH
24225,0.8857142857142858,0.7333333333333333,molWeight,nof_HBD,molCharge_total,a_heavy,negCharge/Volume
24285,0.8523809523809524,0.6190476190476191,molWeight,nof_HBD,molCharge_total,posCharge/Volume,negCharge/Volume
24341,0.8523809523809524,0.6809523809523811,molWeight,nof_HBD,nof_Rings,Complexity,nof_negCharge
24525,0.8571428571428571,0.8190476190476191,molWeight,nof_HBD,Complexity,nof_posCharge,nof_COOH
24529,0.8571428571428571,0.7666666666666667,molWeight,nof_HBD,Complexity,nof_negCharge,C_R2
24538,0.8523809523809524,0.8285714285714285,molWeight,nof_HBD,Complexity,nof_negCharge,nof_SO3H
24539,0.8857142857142858,0.8,molWeight,nof_HBD,Complexity,nof_negCharge,nof_SH
24601,0.8523809523809524,0.7380952380952381,molWeight,nof_HBD,Complexity,C_sp3,nof_Fragments
24643,0.8809523809523808,0.8238095238095238,molWeight,nof_HBD,Complexity,nof_PO4,nof_SO3H
24674,0.8523809523809524,0.8238095238095238,molWeight,nof_HBD,nof_posCharge,nof_negCharge,nof_SO3H
24748,0.8523809523809524,0.6714285714285715,molWeight,nof_HBD,nof_posCharge,posCharge/Volume,nof_PO4
24839,0.8571428571428573,0.6523809523809524,molWeight,nof_HBD,nof_negCharge,C_R1,nof_COOH
24851,0.8523809523809524,0.580952380952381,molWeight,nof_HBD,nof_negCharge,C_R0,nof_COOH
24872,0.8857142857142858,0.7047619047619047,molWeight,nof_HBD,nof_negCharge,posCharge/Volume,nof_COOH
24917,0.8571428571428573,0.7380952380952381,molWeight,nof_HBD,nof_negCharge,nof_COOH,nof_OH
24931,0.8523809523809524,0.6238095238095239,molWeight,nof_HBD,a_heavy,C_R2,nof_COOH
25064,0.8523809523809524,0.6238095238095238,molWeight,nof_HBD,C_R2,posCharge/Volume,nof_PO4
25341,0.8523809523809524,0.7380952380952381,molWeight,nof_HBD,posCharge/Volume,nof_PO4,nof_NH2
25354,0.8571428571428573,0.6238095238095238,molWeight,nof_HBD,posCharge/Volume,nof_NH2,nof_COOH
25378,0.8857142857142858,0.6809523809523811,molWeight,nof_HBD,negCharge/Volume,nof_PO4,nof_COOH
25452,0.8523809523809524,0.8285714285714285,molWeight,nof_HBD,nof_PO4,nof_SH,nof_OH
25465,0.8571428571428571,0.7047619047619047,molWeight,nof_HBD,nof_SO3H,nof_NH2,nof_OH
25473,0.8571428571428571,0.6380952380952379,molWeight,nof_HBD,nof_SH,nof_COOH,nof_OH
25489,0.9142857142857144,0.7142857142857142,molWeight,molCharge_total,nof_Rings,Complexity,nof_RotB
25491,0.8761904761904763,0.8,molWeight,molCharge_total,nof_Rings,Complexity,nof_PO4
25519,0.8571428571428573,0.7428571428571429,molWeight,molCharge_total,nof_Rings,nof_negCharge,C_sp3
25560,0.8571428571428573,0.7666666666666667,molWeight,molCharge_total,nof_Rings,C_R1,C_R0
25598,0.8523809523809524,0.6047619047619046,molWeight,molCharge_total,nof_Rings,posCharge/Volume,nof_Fragments
25654,0.8571428571428573,0.7952380952380953,molWeight,molCharge_total,Complexity,nof_posCharge,C_R1
25657,0.8761904761904763,0.7571428571428571,molWeight,molCharge_total,Complexity,nof_posCharge,posCharge/Volume
25661,0.8523809523809524,0.7666666666666667,molWeight,molCharge_total,Complexity,nof_posCharge,nof_PO4
25677,0.8857142857142858,0.7571428571428571,molWeight,molCharge_total,Complexity,nof_negCharge,nof_PO4
25680,0.8571428571428571,0.7666666666666667,molWeight,molCharge_total,Complexity,nof_negCharge,nof_NH2
25682,0.880952380952381,0.7333333333333333,molWeight,molCharge_total,Complexity,nof_negCharge,nof_OH
25688,0.8523809523809524,0.7857142857142858,molWeight,molCharge_total,Complexity,a_heavy,posCharge/Volume
25694,0.8571428571428571,0.7095238095238096,molWeight,molCharge_total,Complexity,a_heavy,nof_SH
25699,0.8857142857142858,0.7285714285714285,molWeight,molCharge_total,Complexity,C_R2,C_R1
25703,0.8523809523809524,0.7619047619047618,molWeight,molCharge_total,Complexity,C_R2,negCharge/Volume
25708,0.8523809523809524,0.7952380952380952,molWeight,molCharge_total,Complexity,C_R2,nof_SH
25710,0.8761904761904763,0.8,molWeight,molCharge_total,Complexity,C_R2,nof_COOH
25715,0.8761904761904763,0.7333333333333333,molWeight,molCharge_total,Complexity,C_R1,posCharge/Volume
25724,0.8523809523809524,0.7952380952380953,molWeight,molCharge_total,Complexity,C_R1,nof_OH
25754,0.8571428571428571,0.7142857142857142,molWeight,molCharge_total,Complexity,posCharge/Volume,nof_SH
25763,0.8523809523809524,0.7285714285714285,molWeight,molCharge_total,Complexity,negCharge/Volume,nof_SH
25766,0.8761904761904763,0.880952380952381,molWeight,molCharge_total,Complexity,negCharge/Volume,nof_OH
25773,0.8523809523809524,0.6523809523809525,molWeight,molCharge_total,Complexity,nof_RotB,nof_COOH
25780,0.8523809523809524,0.7952380952380953,molWeight,molCharge_total,Complexity,nof_Fragments,nof_COOH
25787,0.8523809523809524,0.7904761904761904,molWeight,molCharge_total,Complexity,nof_PO4,nof_OH
25791,0.8857142857142858,0.7666666666666667,molWeight,molCharge_total,Complexity,nof_SO3H,nof_COOH
25792,0.8571428571428571,0.7380952380952379,molWeight,molCharge_total,Complexity,nof_SO3H,nof_OH
25795,0.8523809523809524,0.8571428571428571,molWeight,molCharge_total,Complexity,nof_SH,nof_COOH
25865,0.8571428571428571,0.6809523809523811,molWeight,molCharge_total,nof_posCharge,C_R0,nof_RotB
25871,0.8523809523809524,0.6142857142857143,molWeight,molCharge_total,nof_posCharge,C_R0,nof_COOH
25898,0.8571428571428571,0.7333333333333333,molWeight,molCharge_total,nof_posCharge,negCharge/Volume,nof_SO3H
25913,0.8523809523809524,0.7333333333333333,molWeight,molCharge_total,nof_posCharge,nof_Fragments,nof_SO3H
25956,0.8571428571428571,0.6142857142857142,molWeight,molCharge_total,nof_negCharge,C_R2,C_R0
25989,0.8523809523809524,0.6523809523809524,molWeight,molCharge_total,nof_negCharge,C_R0,nof_SH
26015,0.880952380952381,0.6761904761904762,molWeight,molCharge_total,nof_negCharge,negCharge/Volume,nof_RotB
26033,0.8523809523809524,0.7047619047619047,molWeight,molCharge_total,nof_negCharge,nof_Fragments,nof_SO3H
26054,0.8523809523809524,0.7,molWeight,molCharge_total,nof_negCharge,nof_NH2,nof_COOH
26055,0.8523809523809524,0.6857142857142857,molWeight,molCharge_total,nof_negCharge,nof_NH2,nof_OH
26083,0.8571428571428571,0.7666666666666667,molWeight,molCharge_total,a_heavy,C_R1,nof_NH2
26130,0.8523809523809524,0.7095238095238096,molWeight,molCharge_total,a_heavy,nof_RotB,nof_PO4
26133,0.8571428571428571,0.5,molWeight,molCharge_total,a_heavy,nof_RotB,nof_NH2
26185,0.8571428571428571,0.5809523809523809,molWeight,molCharge_total,C_R2,C_R0,nof_SH
26232,0.8523809523809524,0.6761904761904762,molWeight,molCharge_total,C_R2,nof_Fragments,nof_COOH
26244,0.8523809523809524,0.7666666666666667,molWeight,molCharge_total,C_R2,nof_SO3H,nof_OH
26251,0.8523809523809524,0.6142857142857142,molWeight,molCharge_total,C_R2,nof_NH2,nof_OH
26365,0.8571428571428571,0.5857142857142856,molWeight,molCharge_total,C_R0,nof_RotB,nof_PO4
26388,0.8571428571428573,0.6761904761904762,molWeight,molCharge_total,C_R0,nof_SO3H,nof_OH
26397,0.8523809523809524,0.6523809523809524,molWeight,molCharge_total,C_R0,nof_COOH,nof_OH
26469,0.8571428571428571,0.6809523809523811,molWeight,molCharge_total,posCharge/Volume,nof_RotB,nof_COOH
26526,0.8571428571428571,0.6476190476190475,molWeight,molCharge_total,negCharge/Volume,nof_SH,nof_NH2
26531,0.8523809523809524,0.7333333333333333,molWeight,molCharge_total,negCharge/Volume,nof_NH2,nof_OH
26601,0.8523809523809524,0.5238095238095238,molWeight,molCharge_total,nof_SO3H,nof_SH,nof_COOH
26602,0.8523809523809524,0.7047619047619047,molWeight,molCharge_total,nof_SO3H,nof_SH,nof_OH
26610,0.8523809523809524,0.5714285714285714,molWeight,molCharge_total,nof_SH,nof_NH2,nof_COOH
26618,0.8523809523809524,0.7,molWeight,molCharge_total,nof_NH2,nof_OH,nof_acetyl
26629,0.8571428571428571,0.7380952380952381,molWeight,nof_Rings,Complexity,nof_posCharge,nof_Fragments
26630,0.8523809523809524,0.8,molWeight,nof_Rings,Complexity,nof_posCharge,nof_PO4
26634,0.8523809523809524,0.8,molWeight,nof_Rings,Complexity,nof_posCharge,nof_COOH
26638,0.8571428571428573,0.7904761904761904,molWeight,nof_Rings,Complexity,nof_negCharge,C_R2
26639,0.8523809523809524,0.7333333333333333,molWeight,nof_Rings,Complexity,nof_negCharge,C_R1
26644,0.8523809523809524,0.7333333333333333,molWeight,nof_Rings,Complexity,nof_negCharge,nof_RotB
26646,0.8523809523809524,0.8238095238095238,molWeight,nof_Rings,Complexity,nof_negCharge,nof_PO4
26648,0.8523809523809524,0.7380952380952381,molWeight,nof_Rings,Complexity,nof_negCharge,nof_SH
26651,0.8857142857142858,0.7047619047619047,molWeight,nof_Rings,Complexity,nof_negCharge,nof_OH
26659,0.8571428571428571,0.7666666666666667,molWeight,nof_Rings,Complexity,a_heavy,nof_RotB
26664,0.8571428571428571,0.7285714285714285,molWeight,nof_Rings,Complexity,a_heavy,nof_NH2
26666,0.8523809523809524,0.7095238095238096,molWeight,nof_Rings,Complexity,a_heavy,nof_OH
26667,0.8523809523809524,0.7047619047619047,molWeight,nof_Rings,Complexity,a_heavy,nof_acetyl
26674,0.8571428571428571,0.6380952380952382,molWeight,nof_Rings,Complexity,C_R2,nof_Fragments
26676,0.8523809523809524,0.7619047619047621,molWeight,nof_Rings,Complexity,C_R2,nof_SO3H
26680,0.8523809523809524,0.7333333333333333,molWeight,nof_Rings,Complexity,C_R2,nof_OH
26684,0.8523809523809524,0.8190476190476189,molWeight,nof_Rings,Complexity,C_R1,posCharge/Volume
26688,0.8571428571428571,0.8523809523809524,molWeight,nof_Rings,Complexity,C_R1,nof_PO4
26706,0.8571428571428573,0.6952380952380952,molWeight,nof_Rings,Complexity,C_R0,nof_acetyl
26719,0.8523809523809524,0.7952380952380953,molWeight,nof_Rings,Complexity,posCharge/Volume,nof_RotB
26723,0.8523809523809524,0.7380952380952379,molWeight,nof_Rings,Complexity,posCharge/Volume,nof_SH
26727,0.8523809523809524,0.7714285714285715,molWeight,nof_Rings,Complexity,posCharge/Volume,nof_acetyl
26730,0.8809523809523808,0.7428571428571428,molWeight,nof_Rings,Complexity,negCharge/Volume,nof_PO4
26733,0.8571428571428571,0.7,molWeight,nof_Rings,Complexity,negCharge/Volume,nof_NH2
26748,0.880952380952381,0.8190476190476191,molWeight,nof_Rings,Complexity,nof_Fragments,nof_NH2
26751,0.8571428571428571,0.7571428571428572,molWeight,nof_Rings,Complexity,nof_Fragments,nof_acetyl
26756,0.8523809523809524,0.7095238095238096,molWeight,nof_Rings,Complexity,nof_PO4,nof_OH
26758,0.8571428571428571,0.7952380952380953,molWeight,nof_Rings,Complexity,nof_SO3H,nof_SH
26760,0.8571428571428571,0.7952380952380953,molWeight,nof_Rings,Complexity,nof_SO3H,nof_COOH
26762,0.8571428571428571,0.7571428571428571,molWeight,nof_Rings,Complexity,nof_SO3H,nof_acetyl
26763,0.8571428571428571,0.7809523809523811,molWeight,nof_Rings,Complexity,nof_SH,nof_NH2
26787,0.8571428571428571,0.7047619047619047,molWeight,nof_Rings,nof_posCharge,nof_negCharge,nof_OH
26798,0.8571428571428571,0.6380952380952382,molWeight,nof_Rings,nof_posCharge,a_heavy,nof_SO3H
26828,0.8523809523809524,0.7,molWeight,nof_Rings,nof_posCharge,C_R1,nof_COOH
26859,0.8571428571428571,0.7095238095238094,molWeight,nof_Rings,nof_posCharge,posCharge/Volume,nof_SH
26886,0.8523809523809524,0.580952380952381,molWeight,nof_Rings,nof_posCharge,nof_Fragments,nof_OH
26888,0.8523809523809524,0.7285714285714285,molWeight,nof_Rings,nof_posCharge,nof_PO4,nof_SO3H
26899,0.8571428571428571,0.7619047619047619,molWeight,nof_Rings,nof_posCharge,nof_SH,nof_NH2
26915,0.8809523809523808,0.7333333333333333,molWeight,nof_Rings,nof_negCharge,a_heavy,nof_RotB
26958,0.8523809523809524,0.5857142857142856,molWeight,nof_Rings,nof_negCharge,C_R0,nof_SH
27032,0.8857142857142858,0.7619047619047619,molWeight,nof_Rings,a_heavy,C_R2,posCharge/Volume
27089,0.8571428571428571,0.7666666666666667,molWeight,nof_Rings,a_heavy,negCharge/Volume,nof_RotB
27139,0.8523809523809524,0.6523809523809524,molWeight,nof_Rings,C_R2,C_R1,nof_Fragments
27172,0.8571428571428571,0.5571428571428572,molWeight,nof_Rings,C_R2,posCharge/Volume,nof_Fragments
27173,0.8523809523809524,0.7095238095238094,molWeight,nof_Rings,C_R2,posCharge/Volume,nof_PO4
27187,0.8523809523809524,0.5380952380952382,molWeight,nof_Rings,C_R2,negCharge/Volume,nof_OH
27191,0.8523809523809524,0.5,molWeight,nof_Rings,C_R2,nof_RotB,nof_SO3H
27199,0.8523809523809524,0.6238095238095238,molWeight,nof_Rings,C_R2,nof_Fragments,nof_SH
27231,0.8571428571428571,0.6190476190476191,molWeight,nof_Rings,C_R1,C_R0,nof_SO3H
27236,0.8571428571428571,0.7666666666666667,molWeight,nof_Rings,C_R1,C_R0,nof_acetyl
27249,0.8523809523809524,0.8,molWeight,nof_Rings,C_R1,posCharge/Volume,nof_RotB
27352,0.8523809523809524,0.7047619047619047,molWeight,nof_Rings,C_R0,nof_PO4,nof_OH
27424,0.8523809523809524,0.7619047619047618,molWeight,nof_Rings,posCharge/Volume,negCharge/Volume,nof_RotB
27435,0.8571428571428571,0.6857142857142857,molWeight,nof_Rings,posCharge/Volume,nof_RotB,nof_SO3H
27438,0.8571428571428573,0.6952380952380952,molWeight,nof_Rings,posCharge/Volume,nof_RotB,nof_COOH
27471,0.8523809523809524,0.5571428571428572,molWeight,nof_Rings,negCharge/Volume,nof_RotB,nof_SO3H
27496,0.8571428571428571,0.7619047619047619,molWeight,nof_Rings,negCharge/Volume,nof_SH,nof_COOH
27517,0.8523809523809524,0.7666666666666667,molWeight,nof_Rings,nof_RotB,nof_PO4,nof_acetyl
27590,0.8857142857142858,0.8523809523809524,molWeight,Complexity,nof_posCharge,nof_negCharge,C_R2
27591,0.8523809523809524,0.7714285714285715,molWeight,Complexity,nof_posCharge,nof_negCharge,C_R1
27595,0.8857142857142858,0.7904761904761904,molWeight,Complexity,nof_posCharge,nof_negCharge,negCharge/Volume
27597,0.8571428571428571,0.7666666666666667,molWeight,Complexity,nof_posCharge,nof_negCharge,nof_Fragments
27600,0.9428571428571428,0.8238095238095239,molWeight,Complexity,nof_posCharge,nof_negCharge,nof_SH
27601,0.8857142857142858,0.6476190476190475,molWeight,Complexity,nof_posCharge,nof_negCharge,nof_NH2
27602,0.8761904761904763,0.7571428571428571,molWeight,Complexity,nof_posCharge,nof_negCharge,nof_COOH
27612,0.8571428571428571,0.7714285714285715,molWeight,Complexity,nof_posCharge,a_heavy,nof_Fragments
27616,0.8523809523809524,0.8238095238095238,molWeight,Complexity,nof_posCharge,a_heavy,nof_NH2
27624,0.8571428571428571,0.8,molWeight,Complexity,nof_posCharge,C_R2,negCharge/Volume
27631,0.9428571428571428,0.8238095238095238,molWeight,Complexity,nof_posCharge,C_R2,nof_COOH
27644,0.8857142857142858,0.8190476190476191,molWeight,Complexity,nof_posCharge,C_R1,nof_COOH
27686,0.8857142857142858,0.8571428571428571,molWeight,Complexity,nof_posCharge,negCharge/Volume,nof_COOH
27707,0.8857142857142858,0.7523809523809524,molWeight,Complexity,nof_posCharge,nof_PO4,nof_COOH
27710,0.8857142857142858,0.7666666666666667,molWeight,Complexity,nof_posCharge,nof_SO3H,nof_SH
27719,0.880952380952381,0.7380952380952381,molWeight,Complexity,nof_posCharge,nof_NH2,nof_COOH
27722,0.8857142857142858,0.7380952380952379,molWeight,Complexity,nof_posCharge,nof_COOH,nof_OH
27725,0.880952380952381,0.7952380952380953,molWeight,Complexity,nof_negCharge,a_heavy,C_R2
27730,0.8523809523809524,0.7952380952380952,molWeight,Complexity,nof_negCharge,a_heavy,negCharge/Volume
27731,0.8523809523809524,0.7380952380952381,molWeight,Complexity,nof_negCharge,a_heavy,nof_RotB
27732,0.8523809523809524,0.7333333333333333,molWeight,Complexity,nof_negCharge,a_heavy,nof_Fragments
27743,0.9095238095238096,0.6476190476190475,molWeight,Complexity,nof_negCharge,C_R2,posCharge/Volume
27744,0.8857142857142858,0.8238095238095239,molWeight,Complexity,nof_negCharge,C_R2,negCharge/Volume
27747,0.9142857142857144,0.7333333333333333,molWeight,Complexity,nof_negCharge,C_R2,nof_PO4
27758,0.8571428571428571,0.7904761904761904,molWeight,Complexity,nof_negCharge,C_R1,nof_RotB
27763,0.8523809523809524,0.8,molWeight,Complexity,nof_negCharge,C_R1,nof_NH2
27765,0.8571428571428571,0.7095238095238096,molWeight,Complexity,nof_negCharge,C_R1,nof_OH
27766,0.880952380952381,0.8285714285714285,molWeight,Complexity,nof_negCharge,C_R1,nof_acetyl
27774,0.8857142857142858,0.7095238095238096,molWeight,Complexity,nof_negCharge,C_R0,nof_SH
27797,0.9047619047619048,0.7619047619047619,molWeight,Complexity,nof_negCharge,posCharge/Volume,nof_COOH
27798,0.9095238095238096,0.7666666666666667,molWeight,Complexity,nof_negCharge,posCharge/Volume,nof_OH
27799,0.8857142857142858,0.7952380952380953,molWeight,Complexity,nof_negCharge,posCharge/Volume,nof_acetyl
27804,0.9142857142857144,0.7571428571428572,molWeight,Complexity,nof_negCharge,negCharge/Volume,nof_SH
27808,0.880952380952381,0.8523809523809524,molWeight,Complexity,nof_negCharge,negCharge/Volume,nof_acetyl
27817,0.8571428571428573,0.7666666666666667,molWeight,Complexity,nof_negCharge,nof_Fragments,nof_PO4
27820,0.880952380952381,0.6476190476190475,molWeight,Complexity,nof_negCharge,nof_Fragments,nof_NH2
27827,0.8571428571428571,0.8285714285714285,molWeight,Complexity,nof_negCharge,nof_PO4,nof_COOH
27831,0.880952380952381,0.6809523809523811,molWeight,Complexity,nof_negCharge,nof_SO3H,nof_NH2
27832,0.8523809523809524,0.7714285714285715,molWeight,Complexity,nof_negCharge,nof_SO3H,nof_COOH
27834,0.8523809523809524,0.7666666666666667,molWeight,Complexity,nof_negCharge,nof_SO3H,nof_acetyl
27835,0.8809523809523808,0.7333333333333333,molWeight,Complexity,nof_negCharge,nof_SH,nof_NH2
27836,0.8857142857142858,0.7666666666666667,molWeight,Complexity,nof_negCharge,nof_SH,nof_COOH
27840,0.880952380952381,0.7047619047619047,molWeight,Complexity,nof_negCharge,nof_NH2,nof_OH
27849,0.8523809523809524,0.7904761904761904,molWeight,Complexity,a_heavy,C_R2,negCharge/Volume
27901,0.8571428571428573,0.8285714285714285,molWeight,Complexity,a_heavy,posCharge/Volume,nof_NH2
27909,0.8571428571428571,0.7047619047619047,molWeight,Complexity,a_heavy,negCharge/Volume,nof_SH
27911,0.8523809523809524,0.7904761904761904,molWeight,Complexity,a_heavy,negCharge/Volume,nof_COOH
27937,0.8523809523809524,0.7619047619047619,molWeight,Complexity,a_heavy,nof_SO3H,nof_COOH
27944,0.8523809523809524,0.7904761904761904,molWeight,Complexity,a_heavy,nof_NH2,nof_COOH
27959,0.8571428571428571,0.7095238095238094,molWeight,Complexity,C_R2,C_R1,nof_NH2
28010,0.8523809523809524,0.7619047619047619,molWeight,Complexity,C_R2,nof_RotB,nof_COOH
28023,0.8571428571428573,0.6190476190476191,molWeight,Complexity,C_R2,nof_PO4,nof_COOH
28031,0.8523809523809524,0.7,molWeight,Complexity,C_R2,nof_SH,nof_NH2
28032,0.8714285714285716,0.7952380952380953,molWeight,Complexity,C_R2,nof_SH,nof_COOH
28033,0.8761904761904763,0.8238095238095238,molWeight,Complexity,C_R2,nof_SH,nof_OH
28038,0.8523809523809524,0.8190476190476191,molWeight,Complexity,C_R2,nof_COOH,nof_OH
28043,0.8571428571428571,0.7333333333333333,molWeight,Complexity,C_R1,C_R0,negCharge/Volume
28047,0.8571428571428573,0.8571428571428573,molWeight,Complexity,C_R1,C_R0,nof_SO3H
28066,0.8571428571428571,0.7,molWeight,Complexity,C_R1,posCharge/Volume,nof_Fragments
28071,0.880952380952381,0.8238095238095239,molWeight,Complexity,C_R1,posCharge/Volume,nof_COOH
28099,0.8523809523809524,0.8190476190476189,molWeight,Complexity,C_R1,nof_PO4,nof_SH
28113,0.8857142857142858,0.880952380952381,molWeight,Complexity,C_R1,nof_NH2,nof_COOH
28177,0.8523809523809524,0.6809523809523811,molWeight,Complexity,C_R0,nof_SH,nof_OH
28236,0.8523809523809524,0.6761904761904761,molWeight,Complexity,C_sp3,nof_NH2,nof_acetyl
28244,0.8809523809523808,0.7095238095238096,molWeight,Complexity,posCharge/Volume,negCharge/Volume,nof_SH
28263,0.8571428571428571,0.7952380952380953,molWeight,Complexity,posCharge/Volume,nof_Fragments,nof_acetyl
28267,0.8571428571428571,0.7380952380952381,molWeight,Complexity,posCharge/Volume,nof_PO4,nof_COOH
28271,0.8571428571428571,0.6523809523809525,molWeight,Complexity,posCharge/Volume,nof_SO3H,nof_NH2
28272,0.880952380952381,0.6857142857142857,molWeight,Complexity,posCharge/Volume,nof_SO3H,nof_COOH
28274,0.8523809523809524,0.7380952380952381,molWeight,Complexity,posCharge/Volume,nof_SO3H,nof_acetyl
28279,0.8523809523809524,0.8,molWeight,Complexity,posCharge/Volume,nof_NH2,nof_COOH
28284,0.8857142857142858,0.8190476190476189,molWeight,Complexity,posCharge/Volume,nof_OH,nof_acetyl
28308,0.9142857142857144,0.7619047619047621,molWeight,Complexity,negCharge/Volume,nof_SO3H,nof_COOH
28312,0.8523809523809524,0.8285714285714285,molWeight,Complexity,negCharge/Volume,nof_SH,nof_COOH
28316,0.8571428571428571,0.7857142857142858,molWeight,Complexity,negCharge/Volume,nof_NH2,nof_OH
28318,0.8523809523809524,0.8238095238095238,molWeight,Complexity,negCharge/Volume,nof_COOH,nof_OH
28368,0.8571428571428571,0.7952380952380953,molWeight,Complexity,nof_Fragments,nof_COOH,nof_acetyl
28372,0.8809523809523808,0.7285714285714285,molWeight,Complexity,nof_PO4,nof_SO3H,nof_COOH
28376,0.8857142857142858,0.7571428571428572,molWeight,Complexity,nof_PO4,nof_SH,nof_COOH
28379,0.8857142857142858,0.7095238095238096,molWeight,Complexity,nof_PO4,nof_NH2,nof_COOH
28393,0.8523809523809524,0.7714285714285714,molWeight,Complexity,nof_SO3H,nof_COOH,nof_acetyl
28398,0.880952380952381,0.7571428571428571,molWeight,Complexity,nof_SH,nof_COOH,nof_OH
28399,0.880952380952381,0.8285714285714285,molWeight,Complexity,nof_SH,nof_COOH,nof_acetyl
28404,0.9047619047619048,0.7904761904761906,molWeight,Complexity,nof_COOH,nof_OH,nof_acetyl
28485,0.8571428571428573,0.5904761904761904,molWeight,nof_posCharge,nof_negCharge,negCharge/Volume,nof_NH2
28493,0.8571428571428571,0.7047619047619047,molWeight,nof_posCharge,nof_negCharge,nof_RotB,nof_NH2
28533,0.8523809523809524,0.6809523809523811,molWeight,nof_posCharge,a_heavy,C_R2,nof_SO3H
28598,0.8571428571428571,0.6142857142857142,molWeight,nof_posCharge,a_heavy,nof_RotB,nof_NH2
29240,0.8523809523809524,0.7666666666666667,molWeight,nof_negCharge,C_R2,negCharge/Volume,nof_SH
29251,0.8523809523809524,0.6238095238095238,molWeight,nof_negCharge,C_R2,nof_RotB,nof_OH
29255,0.8857142857142858,0.6142857142857142,molWeight,nof_negCharge,C_R2,nof_Fragments,nof_SH
29267,0.8523809523809524,0.7904761904761906,molWeight,nof_negCharge,C_R2,nof_SO3H,nof_NH2
29275,0.8523809523809524,0.6857142857142857,molWeight,nof_negCharge,C_R2,nof_NH2,nof_COOH
29276,0.8571428571428571,0.7285714285714285,molWeight,nof_negCharge,C_R2,nof_NH2,nof_OH
29282,0.880952380952381,0.6476190476190475,molWeight,nof_negCharge,C_R1,C_R0,posCharge/Volume
29291,0.8523809523809524,0.6190476190476191,molWeight,nof_negCharge,C_R1,C_R0,nof_OH
29382,0.880952380952381,0.7142857142857142,molWeight,nof_negCharge,C_R0,negCharge/Volume,nof_PO4
29386,0.8571428571428571,0.6761904761904762,molWeight,nof_negCharge,C_R0,negCharge/Volume,nof_COOH
29405,0.8857142857142858,0.7047619047619047,molWeight,nof_negCharge,C_R0,nof_PO4,nof_SH
29439,0.8571428571428571,0.5619047619047619,molWeight,nof_negCharge,C_sp3,negCharge/Volume,nof_SH
29484,0.880952380952381,0.6190476190476191,molWeight,nof_negCharge,posCharge/Volume,negCharge/Volume,nof_SH
29485,0.8523809523809524,0.7,molWeight,nof_negCharge,posCharge/Volume,negCharge/Volume,nof_NH2
29493,0.8523809523809524,0.6380952380952382,molWeight,nof_negCharge,posCharge/Volume,nof_RotB,nof_NH2
29508,0.8809523809523808,0.7047619047619047,molWeight,nof_negCharge,posCharge/Volume,nof_PO4,nof_OH
29511,0.8523809523809524,0.7666666666666667,molWeight,nof_negCharge,posCharge/Volume,nof_SO3H,nof_NH2
29542,0.8857142857142858,0.7333333333333333,molWeight,nof_negCharge,negCharge/Volume,nof_PO4,nof_NH2
29561,0.8571428571428571,0.6476190476190475,molWeight,nof_negCharge,nof_RotB,nof_Fragments,nof_PO4
29563,0.8571428571428571,0.7,molWeight,nof_negCharge,nof_RotB,nof_Fragments,nof_SH
29576,0.8523809523809524,0.7285714285714285,molWeight,nof_negCharge,nof_RotB,nof_SO3H,nof_COOH
29615,0.8857142857142858,0.7,molWeight,nof_negCharge,nof_PO4,nof_SH,nof_NH2
29632,0.8571428571428571,0.6809523809523811,molWeight,nof_negCharge,nof_SO3H,nof_COOH,nof_OH
29691,0.8523809523809524,0.7380952380952381,molWeight,a_heavy,C_R2,negCharge/Volume,nof_RotB
29704,0.8523809523809524,0.6761904761904762,molWeight,a_heavy,C_R2,nof_RotB,nof_NH2
29745,0.8523809523809524,0.7571428571428571,molWeight,a_heavy,C_R1,C_R0,nof_COOH
29766,0.8523809523809524,0.7619047619047619,molWeight,a_heavy,C_R1,posCharge/Volume,nof_COOH
29935,0.8571428571428573,0.7,molWeight,a_heavy,posCharge/Volume,negCharge/Volume,nof_RotB
29955,0.8523809523809524,0.7428571428571429,molWeight,a_heavy,posCharge/Volume,nof_Fragments,nof_NH2
29961,0.8523809523809524,0.7095238095238096,molWeight,a_heavy,posCharge/Volume,nof_PO4,nof_NH2
29977,0.8571428571428573,0.7666666666666667,molWeight,a_heavy,posCharge/Volume,nof_COOH,nof_OH
29983,0.8523809523809524,0.6523809523809524,molWeight,a_heavy,negCharge/Volume,nof_RotB,nof_SH
30066,0.8571428571428571,0.6,molWeight,a_heavy,nof_PO4,nof_SO3H,nof_NH2
30098,0.8571428571428571,0.7047619047619047,molWeight,a_heavy,nof_NH2,nof_OH,nof_acetyl
30259,0.8523809523809524,0.8,molWeight,C_R2,C_sp3,negCharge/Volume,nof_NH2
30293,0.880952380952381,0.6142857142857142,molWeight,C_R2,C_sp3,nof_NH2,nof_COOH
30318,0.8523809523809524,0.7095238095238096,molWeight,C_R2,posCharge/Volume,nof_Fragments,nof_SH
30338,0.8571428571428571,0.7333333333333333,molWeight,C_R2,posCharge/Volume,nof_NH2,nof_COOH
30345,0.8523809523809524,0.6809523809523811,molWeight,C_R2,negCharge/Volume,nof_RotB,nof_PO4
30375,0.8523809523809524,0.6428571428571429,molWeight,C_R2,negCharge/Volume,nof_NH2,nof_OH
30445,0.9095238095238096,0.7666666666666667,molWeight,C_R2,nof_SO3H,nof_SH,nof_COOH
30734,0.8523809523809524,0.5333333333333333,molWeight,C_R1,nof_SO3H,nof_NH2,nof_COOH
30880,0.8857142857142858,0.7380952380952381,molWeight,C_R0,negCharge/Volume,nof_NH2,nof_COOH
31153,0.8571428571428571,0.7380952380952381,molWeight,posCharge/Volume,negCharge/Volume,nof_PO4,nof_COOH
31156,0.8523809523809524,0.7333333333333333,molWeight,posCharge/Volume,negCharge/Volume,nof_SO3H,nof_SH
31168,0.8571428571428571,0.6190476190476191,molWeight,posCharge/Volume,negCharge/Volume,nof_COOH,nof_OH
31178,0.8523809523809524,0.6428571428571429,molWeight,posCharge/Volume,nof_RotB,nof_PO4,nof_SO3H
31180,0.8571428571428573,0.6428571428571429,molWeight,posCharge/Volume,nof_RotB,nof_PO4,nof_NH2
31193,0.8523809523809524,0.5904761904761904,molWeight,posCharge/Volume,nof_RotB,nof_NH2,nof_COOH
31245,0.8523809523809524,0.7428571428571429,molWeight,posCharge/Volume,nof_SH,nof_NH2,nof_COOH
31277,0.8571428571428571,0.6190476190476191,molWeight,negCharge/Volume,nof_RotB,nof_NH2,nof_COOH
31320,0.8523809523809524,0.7904761904761904,molWeight,negCharge/Volume,nof_SO3H,nof_SH,nof_COOH
31329,0.8857142857142858,0.6666666666666667,molWeight,negCharge/Volume,nof_SH,nof_NH2,nof_COOH
31332,0.8857142857142858,0.6428571428571428,molWeight,negCharge/Volume,nof_SH,nof_COOH,nof_OH
31376,0.8523809523809524,0.6761904761904761,molWeight,nof_RotB,nof_SO3H,nof_SH,nof_COOH
31391,0.8523809523809524,0.5952380952380952,molWeight,nof_RotB,nof_NH2,nof_COOH,nof_OH
31435,0.8523809523809524,0.5857142857142857,molWeight,nof_PO4,nof_SO3H,nof_NH2,nof_OH
31440,0.8523809523809524,0.7666666666666667,molWeight,nof_PO4,nof_SH,nof_NH2,nof_COOH
31446,0.8523809523809524,0.6142857142857142,molWeight,nof_PO4,nof_NH2,nof_COOH,nof_OH
32310,0.8523809523809524,0.6857142857142857,molVolume,molLogP,molArea,molCharge_total,Complexity
32354,0.8523809523809524,0.7857142857142858,molVolume,molLogP,molArea,Complexity,C_sp3
